site,population,scheme,evaluated_filters,evaluated_blocks,nonempty_blocks,unavailable_nonempty_blocks,intercept_better_blocks,largest_test_block,largest_test_block_n,largest_test_block_fraction,weighting,median_mean_signed_error,median_mae,median_rmse,median_nonpositive_prediction_n,proportional_mean_signed_error,proportional_mae,proportional_rmse,proportional_nonpositive_prediction_n,ols_mean_signed_error,ols_mae,ols_rmse,ols_nonpositive_prediction_n,delta_mae_proportional_minus_ols,intercept_mae_improvement_pct
Addis_Ababa,diagnostic,leave_quarter_out,190,8,8,0,8,2024Q1,31,0.1631578947368421,equal_filter,-1.6144466938421065,8.887553851789475,11.187595398001243,0,-4.441449589831515,11.575796125661451,13.372176390662426,0,0.02469106255333712,3.938429208101232,5.273568663625288,0,7.63736691756022,65.97703375778669
Addis_Ababa,diagnostic,leave_quarter_out,190,8,8,0,8,2024Q1,31,0.1631578947368421,equal_quarter,-1.6840533639451034,8.918002383961136,11.297410393996188,0,-5.099957754414782,12.278793715233173,14.079599444104991,0,-0.33331099002412823,4.169887792201764,5.568084637161412,0,8.108905923031408,66.03992306647706
Addis_Ababa,diagnostic,later_period,155,6,8,2,6,2024Q1,31,0.2,equal_filter,-4.210883619419355,9.332029524064515,12.01029436712477,0,4.2986574779738875,13.11022277741984,17.320706346064597,0,2.2564780155427027,4.2744215025234915,5.686700583348801,0,8.83580127489635,67.39627102381917
Addis_Ababa,diagnostic,later_period,155,6,8,2,6,2024Q1,31,0.2,equal_quarter,-4.716575904498026,9.549600712262153,12.301122749065655,0,4.555778454170846,13.094628744927471,17.189327320734147,0,2.130116969934257,4.331962711748933,5.795262551064404,0,8.762666033178537,66.91801809633566
Addis_Ababa,ratio_baseline,leave_quarter_out,190,8,8,0,8,2024Q1,31,0.1631578947368421,equal_filter,-1.6144466938421065,8.887553851789475,11.187595398001243,0,-4.441449589831515,11.575796125661451,13.372176390662426,0,0.02469106255333712,3.938429208101232,5.273568663625288,0,7.63736691756022,65.97703375778669
Addis_Ababa,ratio_baseline,leave_quarter_out,190,8,8,0,8,2024Q1,31,0.1631578947368421,equal_quarter,-1.6840533639451034,8.918002383961136,11.297410393996188,0,-5.099957754414782,12.278793715233173,14.079599444104991,0,-0.33331099002412823,4.169887792201764,5.568084637161412,0,8.108905923031408,66.03992306647706
Addis_Ababa,ratio_baseline,later_period,155,6,8,2,6,2024Q1,31,0.2,equal_filter,-4.210883619419355,9.332029524064515,12.01029436712477,0,4.2986574779738875,13.11022277741984,17.320706346064597,0,2.2564780155427027,4.2744215025234915,5.686700583348801,0,8.83580127489635,67.39627102381917
Addis_Ababa,ratio_baseline,later_period,155,6,8,2,6,2024Q1,31,0.2,equal_quarter,-4.716575904498026,9.549600712262153,12.301122749065655,0,4.555778454170846,13.094628744927471,17.189327320734147,0,2.130116969934257,4.331962711748933,5.795262551064404,0,8.762666033178537,66.91801809633566
Addis_Ababa,mdl_1_5x,leave_quarter_out,189,8,8,0,8,2024Q1,31,0.164021164021164,equal_filter,-1.6405096646560868,8.876834325026456,11.181208082477426,0,-4.313818870352276,11.461974292530105,13.192287794546722,0,0.04188020559273178,3.9104029208882767,5.247044866550814,0,7.551571371641828,65.88368791372417
Addis_Ababa,mdl_1_5x,leave_quarter_out,189,8,8,0,8,2024Q1,31,0.164021164021164,equal_quarter,-1.6788499848624119,8.895797172933879,11.276769268535057,0,-5.038849677201975,12.194425595177117,13.942158446814895,0,-0.3379034278074253,4.150321993310376,5.553828982444005,0,8.044103601866741,65.96541623943465
Addis_Ababa,mdl_1_5x,later_period,155,6,8,2,6,2024Q1,31,0.2,equal_filter,-4.029694431709678,9.300249946483872,11.938925808156071,0,4.207321154843431,13.052325494242124,17.213409142210345,0,2.4287412402933417,4.446121443281174,5.950749280395856,0,8.606204050960951,65.93617401556124
Addis_Ababa,mdl_1_5x,later_period,155,6,8,2,6,2024Q1,31,0.2,equal_quarter,-4.5415445819980285,9.517991986735568,12.232637347368811,0,4.468740595096548,13.039492410553324,17.0878507923633,0,2.292725034556686,4.491333577285968,6.036022401971849,0,8.548158833267355,65.55591708730185
Addis_Ababa,mdl_2x,leave_quarter_out,189,8,8,0,8,2024Q1,31,0.164021164021164,equal_filter,-1.6405096646560868,8.876834325026456,11.181208082477426,0,-4.313818870352276,11.461974292530105,13.192287794546722,0,0.04188020559273178,3.9104029208882767,5.247044866550814,0,7.551571371641828,65.88368791372417
Addis_Ababa,mdl_2x,leave_quarter_out,189,8,8,0,8,2024Q1,31,0.164021164021164,equal_quarter,-1.6788499848624119,8.895797172933879,11.276769268535057,0,-5.038849677201975,12.194425595177117,13.942158446814895,0,-0.3379034278074253,4.150321993310376,5.553828982444005,0,8.044103601866741,65.96541623943465
Addis_Ababa,mdl_2x,later_period,155,6,8,2,6,2024Q1,31,0.2,equal_filter,-4.029694431709678,9.300249946483872,11.938925808156071,0,4.207321154843431,13.052325494242124,17.213409142210345,0,2.4287412402933417,4.446121443281174,5.950749280395856,0,8.606204050960951,65.93617401556124
Addis_Ababa,mdl_2x,later_period,155,6,8,2,6,2024Q1,31,0.2,equal_quarter,-4.5415445819980285,9.517991986735568,12.232637347368811,0,4.468740595096548,13.039492410553324,17.0878507923633,0,2.292725034556686,4.491333577285968,6.036022401971849,0,8.548158833267355,65.55591708730185
Addis_Ababa,mdl_3x,leave_quarter_out,189,8,8,0,8,2024Q1,31,0.164021164021164,equal_filter,-1.6405096646560868,8.876834325026456,11.181208082477426,0,-4.313818870352276,11.461974292530105,13.192287794546722,0,0.04188020559273178,3.9104029208882767,5.247044866550814,0,7.551571371641828,65.88368791372417
Addis_Ababa,mdl_3x,leave_quarter_out,189,8,8,0,8,2024Q1,31,0.164021164021164,equal_quarter,-1.6788499848624119,8.895797172933879,11.276769268535057,0,-5.038849677201975,12.194425595177117,13.942158446814895,0,-0.3379034278074253,4.150321993310376,5.553828982444005,0,8.044103601866741,65.96541623943465
Addis_Ababa,mdl_3x,later_period,155,6,8,2,6,2024Q1,31,0.2,equal_filter,-4.029694431709678,9.300249946483872,11.938925808156071,0,4.207321154843431,13.052325494242124,17.213409142210345,0,2.4287412402933417,4.446121443281174,5.950749280395856,0,8.606204050960951,65.93617401556124
Addis_Ababa,mdl_3x,later_period,155,6,8,2,6,2024Q1,31,0.2,equal_quarter,-4.5415445819980285,9.517991986735568,12.232637347368811,0,4.468740595096548,13.039492410553324,17.0878507923633,0,2.292725034556686,4.491333577285968,6.036022401971849,0,8.548158833267355,65.55591708730185
Addis_Ababa,mdl_5x,leave_quarter_out,183,8,8,0,8,2024Q1,31,0.16939890710382513,equal_filter,-1.8094946205464497,8.786184226393443,11.089583987185781,0,-4.089647713095411,11.247762780580745,12.986409245633471,0,0.07273951457922687,3.931454305254096,5.288443992297856,0,7.3163084753266485,65.04678857522005
Addis_Ababa,mdl_5x,leave_quarter_out,183,8,8,0,8,2024Q1,31,0.16939890710382513,equal_quarter,-2.048818943729011,8.545919159480038,10.940441750479854,0,-5.219659694397781,12.202037040708797,13.984570781337279,0,-0.6029245452706139,4.2525168924649694,5.681055230680731,0,7.949520148243828,65.149123230182
Addis_Ababa,mdl_5x,later_period,154,6,8,2,6,2024Q1,31,0.2012987012987013,equal_filter,-3.3742911096428574,9.141231214642856,11.618472097808803,0,3.6623175028817485,12.765794471609784,16.67814170224797,0,2.3076290961888715,4.295839711144108,5.710070871052272,0,8.469954760465676,66.34882599200739
Addis_Ababa,mdl_5x,later_period,154,6,8,2,6,2024Q1,31,0.2012987012987013,equal_quarter,-3.9274768590196327,9.36259266867669,11.93084461088082,0,4.046414428605897,12.817410208344725,16.67486781745266,0,2.1967884198454346,4.359604290129015,5.822922872071215,0,8.45780591821571,65.9868552284399
Beijing,diagnostic,leave_quarter_out,163,9,9,0,5,2023Q2,28,0.17177914110429449,equal_filter,-1.336605791184049,5.63757116691411,7.5505557352234245,0,-1.982924299649059,3.991864908441511,6.144270269093472,3,8.776543388235612e-06,3.56305449295314,5.1727414058907195,0,0.4288104154883712,10.742107394004616
Beijing,diagnostic,leave_quarter_out,163,9,9,0,5,2023Q2,28,0.17177914110429449,equal_quarter,-1.3632465755266558,5.222384879918824,7.1042573442489285,0,-1.7101380899287126,3.8170356975138864,5.7038538884120875,3,0.17649510337304747,3.488600960519259,4.8332627782209245,0,0.3284347369946272,8.604444994018355
Beijing,diagnostic,later_period,132,7,9,2,4,2023Q2,28,0.21212121212121213,equal_filter,-1.0595507686742427,5.198384518749999,6.926078626032326,0,-1.6569084474580256,3.580950724298349,4.981514219160341,1,0.9673034700718015,3.610006028685654,4.550533830476771,0,-0.029055304387305192,-0.8113852053353313
Beijing,diagnostic,later_period,132,7,9,2,4,2023Q2,28,0.21212121212121213,equal_quarter,-1.5843853756095105,5.141167347378221,6.88163656314437,0,-1.562199918859506,3.7147921719737558,4.996849890253843,1,0.6720491389017148,3.588618568895277,4.440211903280119,0,0.1261736030784788,3.396518492485135
Beijing,ratio_baseline,leave_quarter_out,150,9,9,0,7,2023Q2,26,0.17333333333333334,equal_filter,-1.5308321280533332,5.350405114346666,7.223532448444416,0,-1.3768132581176749,3.561071137568318,4.825157174687433,0,0.00031364836985498337,2.988481366487058,4.073573437113216,0,0.57258977108126,16.07914441923375
Beijing,ratio_baseline,leave_quarter_out,150,9,9,0,7,2023Q2,26,0.17333333333333334,equal_quarter,-1.701091081237182,5.170843374678659,7.046993791444276,0,-1.2826344740198425,3.522824968947022,4.7059544350624085,0,0.025886192497867475,3.077297483903062,4.016709822662782,0,0.44552748504396034,12.646881096029281
Beijing,ratio_baseline,later_period,125,7,9,2,6,2023Q2,26,0.208,equal_filter,-1.280647750056,5.071965968184001,6.817971063571839,0,-1.3887050853098795,3.481544558704058,4.767749907632773,0,0.3266792981650473,3.019982126796527,4.128559496093703,0,0.4615624319075309,13.25740412408621
Beijing,ratio_baseline,later_period,125,7,9,2,6,2023Q2,26,0.208,equal_quarter,-1.8741631790505624,5.160306968581044,6.925242858828504,0,-1.3640993215074821,3.6271140961247252,4.8178918950693586,0,0.11481690903329474,3.1984648464602796,4.1763802096375615,0,0.4286492496644456,11.81791469208047
Beijing,mdl_1_5x,leave_quarter_out,128,9,9,0,7,2023Q2,22,0.171875,equal_filter,-2.2413238655234378,5.220845767210937,7.197137234484088,0,-1.353162605219802,3.7671045098247475,5.011879607902548,0,-0.0001517942778975767,3.0574121894731716,4.204204483966952,0,0.7096923203515759,18.83919913824191
Beijing,mdl_1_5x,leave_quarter_out,128,9,9,0,7,2023Q2,22,0.171875,equal_quarter,-2.3235463026842536,5.260095305909732,7.152744994522709,0,-1.3625993632799,3.7236837331012853,4.9002332636047345,0,-0.028853418794835446,3.17552561442879,4.1854298395217375,0,0.5481581186724953,14.720855957763082
Beijing,mdl_1_5x,later_period,106,7,9,2,6,2023Q2,22,0.20754716981132076,equal_filter,-1.84017437885849,4.831104880669811,6.640065680515754,0,-1.3640639727109258,3.695721970050159,4.952452502349633,0,0.404050156404321,3.0896824061840884,4.262936842237461,0,0.6060395638660707,16.398407909939326
Beijing,mdl_1_5x,later_period,106,7,9,2,6,2023Q2,22,0.20754716981132076,equal_quarter,-2.4506390224124917,5.115645442082415,6.888979553018529,0,-1.454865958131581,3.83472029142846,5.003712543539219,0,0.0838771527721347,3.2815010056607266,4.342771707778169,0,0.5532192857677334,14.426587696743205
Beijing,mdl_2x,leave_quarter_out,113,9,9,0,6,2023Q2,19,0.168141592920354,equal_filter,-1.9703843027345136,5.353091966734513,7.214946447147896,0,-1.2718037817909424,3.805521483780979,5.137001333387301,0,0.021057800426174143,3.229341161952312,4.407235764569989,0,0.5761803218286672,15.140640363858957
Beijing,mdl_2x,leave_quarter_out,113,9,9,0,6,2023Q2,19,0.168141592920354,equal_quarter,-2.0888902808444065,5.465329118342597,7.201075484595751,0,-1.428631483533559,3.829277815400067,5.0868446809908505,0,-0.12446510873370384,3.309534909704019,4.378746939681906,0,0.5197429056960479,13.572870153369829
Beijing,mdl_2x,later_period,93,7,9,2,5,2023Q2,19,0.20430107526881722,equal_filter,-1.1904919385698924,4.9946822993870965,6.618739995347817,0,-1.232641204237924,3.726309405946419,5.092196390828004,0,0.5066901888521606,3.2874896951472112,4.475204374376562,0,0.43881971079920756,11.776255350641096
Beijing,mdl_2x,later_period,93,7,9,2,5,2023Q2,19,0.20430107526881722,equal_quarter,-1.9442057212931476,5.264634438856374,6.862109960128755,0,-1.4901274682654002,3.9373523032960764,5.209499234903856,0,0.03570641162884743,3.4334711187497087,4.543552617272155,0,0.5038811845463678,12.797462500994731
Beijing,mdl_3x,leave_quarter_out,72,9,9,0,6,2023Q2,12,0.16666666666666666,equal_filter,-1.6041028431805562,6.287091006263889,7.581421445693553,0,-1.1828997368752063,4.243502762539127,5.829644819091919,0,-0.030850870573256934,3.9865178223557742,5.160681229378619,0,0.25698494018335305,6.055962598916383
Beijing,mdl_3x,leave_quarter_out,72,9,9,0,6,2023Q2,12,0.16666666666666666,equal_quarter,-1.095330934695447,6.3880870147279945,7.421527041872433,0,-1.0822476142757345,3.9971412334891587,5.5025505844103515,0,0.23719344925453706,4.139945228462209,5.136436694975099,0,-0.1428039949730504,-3.5726532196710714
Beijing,mdl_3x,later_period,59,7,9,2,4,2023Q2,12,0.2033898305084746,equal_filter,1.15680874959322,6.571603290949153,7.392992914782242,0,-0.987945537551073,4.064892528702931,5.74986539707445,0,1.080408971056981,4.3024551643793005,5.317570244534922,0,-0.23756263567636982,-5.844253790202267
Beijing,mdl_3x,later_period,59,7,9,2,4,2023Q2,12,0.2033898305084746,equal_quarter,0.12088618448247754,6.54512813239631,7.291218345812771,0,-1.1821684480816954,4.141800523061013,5.679382091986948,0,0.6094930018190888,4.333662660812487,5.2972206059948395,0,-0.19186213775147376,-4.632336508801185
Beijing,mdl_5x,leave_quarter_out,30,8,8,0,4,2024Q1,7,0.23333333333333334,equal_filter,0.17991241433333366,5.272135986333336,6.451795623370395,0,-0.6967146454073782,3.878186886851412,4.799692124125036,0,-0.16221525337424822,3.7653084014859464,4.460264403704361,0,0.11287848536546585,2.9105994285156442
Beijing,mdl_5x,leave_quarter_out,30,8,8,0,4,2024Q1,7,0.23333333333333334,equal_quarter,2.2710330688690483,5.50736009077381,6.57430135735458,0,0.371862814450275,4.23430287491173,5.097904982384878,0,1.2847407446266974,4.392034327632564,5.027045244180175,0,-0.15773145272083422,-3.7250866879503124
Beijing,mdl_5x,later_period,20,6,8,2,3,2024Q1,7,0.35,equal_filter,1.2028838630000007,4.178044579000001,4.97217938453257,0,-0.7849763771778385,3.7872089157290576,4.840237543240948,0,0.0058041772515275095,3.5641685511504955,4.289777205789176,0,0.22304036457856213,5.889307126739949
Beijing,mdl_5x,later_period,20,6,8,2,3,2024Q1,7,0.35,equal_quarter,3.1882661316865093,4.953451057361111,5.776962774065558,0,0.473069953482878,4.266778691399587,5.197639429826714,0,1.5182126208888338,4.37539107633106,5.0112476858788755,0,-0.1086123849314733,-2.545535936757158
Delhi,diagnostic,leave_quarter_out,62,5,5,0,3,2024Q2,26,0.41935483870967744,equal_filter,-4.788562229887096,28.88950062817742,33.25611481649845,0,-7.433513329373594,11.844283736541952,18.51915208155455,2,-1.7787905312651473,14.533532348333708,17.935566127934905,1,-2.689248611791756,-22.70503368215415
Delhi,diagnostic,leave_quarter_out,62,5,5,0,3,2024Q2,26,0.41935483870967744,equal_quarter,2.8448456108789832,27.960291376696016,31.346365508619666,0,-4.34233679480068,10.43828424333069,18.51822409337008,2,2.150791224630532,13.182337968132433,17.111923998334994,1,-2.744053724801743,-26.288359857176676
Delhi,diagnostic,later_period,38,3,5,2,2,2024Q2,26,0.6842105263157895,equal_filter,-29.711419194342103,31.149934068815785,36.910632107936,0,-15.981681769392672,16.81877112506421,22.43153688653328,2,-15.29833755074531,15.934420943249956,20.741355437811215,1,0.8843501818142538,5.258114134726224
Delhi,diagnostic,later_period,38,3,5,2,2,2024Q2,26,0.6842105263157895,equal_quarter,-26.028673995139197,28.740565171139195,34.490262614799164,0,-13.168071801995106,14.647226022260112,21.80066684036167,2,-13.625968478524976,14.222668744904377,20.507511925923136,1,0.4245572773557349,2.8985507338421233
Delhi,ratio_baseline,leave_quarter_out,56,5,5,0,2,2024Q2,25,0.44642857142857145,equal_filter,-6.393456164624999,27.58539493091072,32.154967206404244,0,-4.9995394612841215,10.458326203546696,15.376036330299325,0,-1.6961120647158459,12.288689641189793,15.370252967608236,0,-1.830363437643097,-17.501495000436805
Delhi,ratio_baseline,leave_quarter_out,56,5,5,0,2,2024Q2,25,0.44642857142857145,equal_quarter,3.8825172181257175,27.090772048280957,30.288544563687363,0,-0.8628521532050002,7.794821452389071,12.570842496745545,0,3.4014756514869036,9.875077472047646,12.703969013412024,0,-2.0802560196585755,-26.68766734895497
Delhi,ratio_baseline,later_period,36,3,5,2,3,2024Q2,25,0.6944444444444444,equal_filter,-28.601299797638887,30.77795560736112,36.37000305707742,0,-11.417285800172717,13.184350338030416,17.64875223425055,0,-11.0989381243807,12.744304093982246,16.76129001621661,0,0.4400462440481707,3.3376407086123314
Delhi,ratio_baseline,later_period,36,3,5,2,3,2024Q2,25,0.6944444444444444,equal_quarter,-23.656570957923808,28.544525611890474,33.80211457235493,0,-6.581908868857791,9.50166634320739,13.636291394064806,0,-6.523225856376634,9.069612852197144,12.747320996869522,0,0.4320534910102456,4.547133896351925
Delhi,mdl_1_5x,leave_quarter_out,53,5,5,0,3,2024Q2,24,0.4528301886792453,equal_filter,-7.280124412113208,27.11859744656603,31.85015226714689,0,-5.1052500037420145,10.771818755297867,15.700615961173174,0,-1.5273765529127463,12.820482246669544,15.81918523562739,0,-2.048663491371677,-19.018733399725
Delhi,mdl_1_5x,leave_quarter_out,53,5,5,0,3,2024Q2,24,0.4528301886792453,equal_quarter,3.090137373832382,25.50925685902762,28.848479577281413,0,-1.274257669863362,8.069061164257501,12.691909170773684,0,3.1500605432463162,9.7782962172539,12.709247544841983,0,-1.709235052996398,-21.182576488174114
Delhi,mdl_1_5x,later_period,34,3,5,2,3,2024Q2,24,0.7058823529411765,equal_filter,-30.139454849852942,31.398838917499997,36.69366961566108,0,-11.707242361217885,13.581788729552692,18.037598784116952,0,-11.525655212628939,13.080847056729942,17.02947280937099,0,0.5009416728227496,3.688333567821945
Delhi,mdl_1_5x,later_period,34,3,5,2,3,2024Q2,24,0.7058823529411765,equal_quarter,-25.332175901329364,28.418917849107146,33.663508721713185,0,-7.215113420707707,10.142195015269051,13.945334169830922,0,-7.37608445029525,9.386457564238805,12.91703136701842,0,0.7557374510302459,7.451419045803053
Delhi,mdl_2x,leave_quarter_out,52,5,5,0,3,2024Q2,24,0.46153846153846156,equal_filter,-6.935822100653847,25.833118477615383,30.620733239488022,0,-5.199140985323434,10.97390810653272,15.854950370607053,0,-1.7546083784951576,12.816815965229303,15.812356558942033,0,-1.8429078586965826,-16.79354192513702
Delhi,mdl_2x,leave_quarter_out,52,5,5,0,3,2024Q2,24,0.46153846153846156,equal_quarter,3.7387057268238117,24.79478567922857,28.14128638877694,0,-1.218326064038779,8.126553647045757,12.71714849856894,0,3.291505600474386,9.897184100161157,12.710322417783592,0,-1.7706304531154,-21.78820850778579
Delhi,mdl_2x,later_period,34,3,5,2,3,2024Q2,24,0.7058823529411765,equal_filter,-28.320142012499996,29.850241360735293,35.215514881698006,0,-11.721843577575926,13.589080894297338,18.04250457307735,0,-11.488743661730734,13.03717023086504,16.970788410384475,0,0.551910663432297,4.061427463162034
Delhi,mdl_2x,later_period,34,3,5,2,3,2024Q2,24,0.7058823529411765,equal_quarter,-23.950210651329368,27.62942406799603,32.63105804336778,0,-7.233464580340932,10.149530208302556,13.948749416378286,0,-7.354420675187732,9.329414519937561,12.864791735685612,0,0.8201156883649947,8.080331518143772
Delhi,mdl_3x,leave_quarter_out,44,5,5,0,2,2024Q2,21,0.4772727272727273,equal_filter,-5.9858834724999985,22.654103331818177,27.577796721907927,0,-5.117060854294664,11.455486250480034,16.23131208985943,0,-1.6795286313381743,13.553717702150202,16.406397219390584,0,-2.098231451670168,-18.31638924608934
Delhi,mdl_3x,leave_quarter_out,44,5,5,0,2,2024Q2,21,0.4772727272727273,equal_quarter,-0.14256367399999662,20.3842741805,23.923550498758186,0,-1.118814278543119,7.737028260495968,12.485334406770018,0,2.5607261606873193,9.899939281820359,12.783314164752303,0,-2.1629110213243905,-27.955320163012317
Delhi,mdl_3x,later_period,29,3,5,2,2,2024Q2,21,0.7241379310344828,equal_filter,-27.031335096034475,27.700389037413785,32.57680668029243,0,-11.866677074572422,13.852579021544413,18.283910603435935,0,-11.932466807591853,13.376596044726465,17.19386668539141,0,0.47598297681794755,3.4360603615952563
Delhi,mdl_3x,later_period,29,3,5,2,2,2024Q2,21,0.7241379310344828,equal_quarter,-31.39052724277778,31.698504453888887,34.43892407580003,0,-7.922440055508541,10.649937172859628,14.178523797928827,0,-9.42653742839532,11.206665504620409,13.929789406649048,0,-0.5567283317607803,-5.227526911422074
Delhi,mdl_5x,leave_quarter_out,32,5,5,0,2,2024Q2,14,0.4375,equal_filter,-1.5602475062499999,20.693188215,24.82213123444562,0,-4.076616715194234,11.44330114793952,16.405730090860178,0,-0.6923358551199499,14.347663579550277,17.509955854557276,0,-2.904362431610757,-25.380459659874603
Delhi,mdl_5x,leave_quarter_out,32,5,5,0,2,2024Q2,14,0.4375,equal_quarter,5.02419345857143,18.542350142857142,22.356697186037813,0,-1.5761324216378299,7.739160870244339,12.418121507189861,0,2.5860417704069114,10.39276591036057,13.642285994906265,0,-2.653605040116231,-34.28802016920023
Delhi,mdl_5x,later_period,22,3,5,2,1,2024Q2,14,0.6363636363636364,equal_filter,-23.225182611590903,23.90578650886363,27.53682631923453,0,-10.730140893376173,13.113541003718758,18.039775520415187,0,-11.649221167404361,13.149030094504115,17.391893076582154,0,-0.035489090785356225,-0.27062935003819466
Delhi,mdl_5x,later_period,22,3,5,2,1,2024Q2,14,0.6363636363636364,equal_quarter,-26.06050571404762,26.41701251738095,28.777050780566125,0,-8.449272525337165,10.946167879029394,14.673249214638602,0,-9.992432552311906,11.563660952130698,14.590693121107696,0,-0.6174930731013042,-5.641180364904634
JPL,diagnostic,leave_quarter_out,130,6,6,0,3,2023Q3,31,0.23846153846153847,equal_filter,0.018993534646153862,1.7444495399153845,2.1837046523789674,0,-0.06569748373948668,1.285535010012183,1.5378904198013557,0,0.04811278469702475,1.3276719690130887,1.5856736759489285,0,-0.04213695900090575,-3.277776075542775
JPL,diagnostic,leave_quarter_out,130,6,6,0,3,2023Q3,31,0.23846153846153847,equal_quarter,-0.35345447609228825,1.8106939388181997,2.288669739693432,0,-0.13060997945725686,1.156307425549412,1.4279293924429834,0,-0.06332932996777162,1.1765669419047426,1.4602413723905898,0,-0.020259516355330742,-1.7520873694730936
JPL,diagnostic,later_period,106,5,6,1,3,2023Q3,31,0.29245283018867924,equal_filter,0.3461667193490563,1.8618391632735847,2.3013268276861694,0,0.07820067298685941,1.2929552397309851,1.4940877635634857,0,0.23874213371100791,1.369749166361324,1.5961306220813967,0,-0.0767939266303388,-5.939411069351225
JPL,diagnostic,later_period,106,5,6,1,3,2023Q3,31,0.29245283018867924,equal_quarter,0.03469917519758718,1.8296195636779309,2.270389790901859,0,0.08952087497704742,1.1742665673718669,1.3955500845944226,0,0.14299668615703784,1.1677778199681452,1.4369451173815375,0,0.006488747403721629,0.5525787401274767
JPL,ratio_baseline,leave_quarter_out,84,6,6,0,4,2023Q3,23,0.27380952380952384,equal_filter,-0.05978676017857128,1.4424339779285715,1.8139956032378115,0,-0.07991547234495118,1.3308747666164902,1.611956161657142,0,0.025785509783253103,1.3039290514586934,1.6004473932392322,0,0.026945715157796757,2.024661961718712
JPL,ratio_baseline,leave_quarter_out,84,6,6,0,4,2023Q3,23,0.27380952380952384,equal_quarter,-0.20271396432189995,1.4978070738369968,1.8833356420182463,0,-0.17771906563563525,1.1943272765567505,1.483255631891907,0,-0.09108167775627261,1.1735261914638142,1.4841788620369383,0,0.020801085092936322,1.741657040012175
JPL,ratio_baseline,later_period,66,5,6,1,2,2023Q3,23,0.3484848484848485,equal_filter,0.055253179393939325,1.5227338326363635,1.857808722665981,0,0.05360800147174863,1.354539773893296,1.5712928933700905,0,0.1539552063830879,1.4054214056269871,1.6110656378316135,0,-0.05088163173369109,-3.756377827684172
JPL,ratio_baseline,later_period,66,5,6,1,2,2023Q3,23,0.3484848484848485,equal_quarter,0.008885577247053033,1.5662181218345892,1.8962677377205217,0,0.014533172953652595,1.198908752951763,1.4348687211853344,0,0.03680887893230058,1.3532955071186916,1.5575413313071218,0,-0.1543867541669286,-12.877273085780883
JPL,mdl_1_5x,leave_quarter_out,28,6,6,0,2,2023Q2,8,0.2857142857142857,equal_filter,0.02924715289285735,1.5859935893571429,1.8314339791740537,0,-0.02297675626261467,1.3948997900426505,1.6743910829799877,0,0.1106285022495493,1.5781724161744382,1.8777580581821929,0,-0.18327262613178763,-13.138766486313965
JPL,mdl_1_5x,leave_quarter_out,28,6,6,0,2,2023Q2,8,0.2857142857142857,equal_quarter,-0.8812332284345237,1.8595782382053574,2.0974483147259857,0,-0.6661914478715231,1.5179551698387954,1.8384238732691227,0,-0.7036487445482873,1.7099655150725457,1.9908412537496303,0,-0.19201034523375027,-12.649276411380548
JPL,mdl_1_5x,later_period,18,3,6,3,1,2023Q2,8,0.4444444444444444,equal_filter,-0.045103855388888774,1.6308995930555552,1.8554228888942044,0,0.1973734714808532,1.5930800227569317,1.8105515128609804,0,0.26154682170895427,1.6724033142550871,1.9204740600156103,0,-0.07932329149815542,-4.9792408645537565
JPL,mdl_1_5x,later_period,18,3,6,3,1,2023Q2,8,0.4444444444444444,equal_quarter,-0.5030284764166667,1.6923752796666662,1.9864377100125594,0,-0.21524473949872672,1.5580848601770654,1.7886862355402664,0,-0.19214668422887074,1.6426092862019022,1.9269417678877452,0,-0.08452442602483679,-5.424892326803764
JPL,mdl_2x,leave_quarter_out,0,0,4,4,0,,0,,equal_filter,,,,0,,,,0,,,,0,,
JPL,mdl_2x,leave_quarter_out,0,0,4,4,0,,0,,equal_quarter,,,,0,,,,0,,,,0,,
JPL,mdl_2x,later_period,0,0,4,4,0,,0,,equal_filter,,,,0,,,,0,,,,0,,
JPL,mdl_2x,later_period,0,0,4,4,0,,0,,equal_quarter,,,,0,,,,0,,,,0,,
JPL,mdl_3x,leave_quarter_out,0,0,0,0,0,,0,,equal_filter,,,,0,,,,0,,,,0,,
JPL,mdl_3x,leave_quarter_out,0,0,0,0,0,,0,,equal_quarter,,,,0,,,,0,,,,0,,
JPL,mdl_3x,later_period,0,0,0,0,0,,0,,equal_filter,,,,0,,,,0,,,,0,,
JPL,mdl_3x,later_period,0,0,0,0,0,,0,,equal_quarter,,,,0,,,,0,,,,0,,
JPL,mdl_5x,leave_quarter_out,0,0,0,0,0,,0,,equal_filter,,,,0,,,,0,,,,0,,
JPL,mdl_5x,leave_quarter_out,0,0,0,0,0,,0,,equal_quarter,,,,0,,,,0,,,,0,,
JPL,mdl_5x,later_period,0,0,0,0,0,,0,,equal_filter,,,,0,,,,0,,,,0,,
JPL,mdl_5x,later_period,0,0,0,0,0,,0,,equal_quarter,,,,0,,,,0,,,,0,,
