product,subproduct,site,filename,remote_etag,remote_last_modified,remote_size_bytes,size_kb,rows,cols,date_min,date_max,n_parameters,notes
FilterBased,ChemSpecPM10,AEAZ,FilterBased_ChemSpecPM10_AEAZ.csv,1dcba60b1273b8ae20614bf87f552bf2,2026-09-22T07:01:04.000Z,183678,179.4,618,26,2019-04-26,2023-06-22,39,
FilterBased,ChemSpecPM10,ARCB,FilterBased_ChemSpecPM10_ARCB.csv,b6b520040d7d1774631c6c9d794458d5,2026-09-22T07:01:03.000Z,415,0.4,0,26,,,0,
FilterBased,ChemSpecPM10,AUMN,FilterBased_ChemSpecPM10_AUMN.csv,e79697a5b21705d8cfdd77b485bb113e,2026-09-22T07:01:04.000Z,144894,141.5,483,26,2022-08-09,2026-01-13,40,
FilterBased,ChemSpecPM10,BDDU,FilterBased_ChemSpecPM10_BDDU.csv,5b579a2c8f2125464685265707eb56f1,2026-09-22T07:01:04.000Z,103176,100.8,342,26,2019-11-06,2024-04-28,37,
FilterBased,ChemSpecPM10,BIBU,FilterBased_ChemSpecPM10_BIBU.csv,6faa67244df8fdf8275ded264d9fa533,2026-09-22T07:01:04.000Z,53415,52.2,180,26,2023-05-04,2024-03-28,37,
FilterBased,ChemSpecPM10,CADO,FilterBased_ChemSpecPM10_CADO.csv,302b06949af2af90c6a59ad37c42b309,2026-09-22T07:01:04.000Z,135495,132.3,417,26,2017-07-19,2019-06-20,42,
FilterBased,ChemSpecPM10,CAHA,FilterBased_ChemSpecPM10_CAHA.csv,af76ea75fc439d9667c198cc8849a4e4,2026-09-22T07:01:04.000Z,337654,329.7,1113,26,2017-06-28,2023-08-22,42,
FilterBased,ChemSpecPM10,CAKE,FilterBased_ChemSpecPM10_CAKE.csv,53c42c9fd907e45d8bd65e98236cd507,2026-09-22T07:01:04.000Z,46845,45.7,136,26,2017-11-02,2019-01-12,33,
FilterBased,ChemSpecPM10,CALE,FilterBased_ChemSpecPM10_CALE.csv,611fbc6f32c8d874c5a9d9c50bdc7340,2026-09-22T07:01:04.000Z,42097,41.1,130,26,2017-08-26,2019-07-08,39,
FilterBased,ChemSpecPM10,CASH,FilterBased_ChemSpecPM10_CASH.csv,f43a1dadf4a8c22ae3e7492c8bcce5db,2026-09-22T07:01:04.000Z,176029,171.9,569,26,2017-08-25,2023-04-30,42,
FilterBased,ChemSpecPM10,CHTS,FilterBased_ChemSpecPM10_CHTS.csv,419a4912d586cea42b1ed2da125fffb6,2026-09-22T07:01:03.000Z,203140,198.4,671,26,2017-07-27,2024-08-22,45,
FilterBased,ChemSpecPM10,CLST,FilterBased_ChemSpecPM10_CLST.csv,42ce6776b562d2800eeb9243c44ee906,2026-09-22T07:01:04.000Z,407,0.4,0,26,,,0,
FilterBased,ChemSpecPM10,CLTA,FilterBased_ChemSpecPM10_CLTA.csv,449b3e89503b3fc59518744cb53e2fb0,2026-09-22T07:01:04.000Z,404,0.4,0,26,,,0,
FilterBased,ChemSpecPM10,ETAD,FilterBased_ChemSpecPM10_ETAD.csv,a35a53b5c78d54efeb69510402eca677,2026-09-22T07:01:04.000Z,75180,73.4,250,26,2024-08-07,2025-06-18,38,
FilterBased,ChemSpecPM10,ETBI,FilterBased_ChemSpecPM10_ETBI.csv,84fce158b367b4d44b0c91308efe2a96,2026-09-22T07:01:04.000Z,410,0.4,0,26,,,0,
FilterBased,ChemSpecPM10,IDBD,FilterBased_ChemSpecPM10_IDBD.csv,8764e455c09e01730cef8c767a8ed0cc,2026-09-22T07:01:04.000Z,65501,64.0,219,26,2019-09-06,2024-09-21,39,
FilterBased,ChemSpecPM10,ILHA,FilterBased_ChemSpecPM10_ILHA.csv,33c7395dc967cb8a26c4a23eabe004f4,2026-09-22T07:01:04.000Z,52295,51.1,174,26,2024-05-01,2025-02-03,41,
FilterBased,ChemSpecPM10,ILNZ,FilterBased_ChemSpecPM10_ILNZ.csv,ff09b246744b182890d042eb61e32de6,2026-09-22T07:01:04.000Z,183641,179.3,608,26,2017-07-17,2024-12-27,45,
FilterBased,ChemSpecPM10,INDH,FilterBased_ChemSpecPM10_INDH.csv,c733212fbbe2ff3079313206373a411d,2026-09-22T07:01:04.000Z,404,0.4,0,26,,,0,
FilterBased,ChemSpecPM10,INJA,FilterBased_ChemSpecPM10_INJA.csv,61b34019ac9553bea287856cb1e43423,2026-09-22T07:01:04.000Z,405,0.4,0,26,,,0,
FilterBased,ChemSpecPM10,INKA,FilterBased_ChemSpecPM10_INKA.csv,feb1d591527da38d147b8f42230bc1e5,2026-09-22T07:01:04.000Z,33495,32.7,110,26,2021-07-14,2022-04-01,37,
FilterBased,ChemSpecPM10,KRSE,FilterBased_ChemSpecPM10_KRSE.csv,2a1ee8aad0ce3d2c6b52200232b5a847,2026-09-22T07:01:04.000Z,101092,98.7,337,26,2019-05-02,2023-03-31,38,
FilterBased,ChemSpecPM10,KRUL,FilterBased_ChemSpecPM10_KRUL.csv,0b556fe4d1736c2fd91ea78eabda08af,2026-09-22T07:01:04.000Z,222796,217.6,753,26,2021-09-04,2024-11-16,40,
FilterBased,ChemSpecPM10,MXMC,FilterBased_ChemSpecPM10_MXMC.csv,cd3e28edf6168ebd4528a84b01086008,2026-09-22T07:01:04.000Z,117834,115.1,393,26,2021-08-27,2026-01-09,38,
FilterBased,ChemSpecPM10,NGIL,FilterBased_ChemSpecPM10_NGIL.csv,adfe89ba4cd7afd02868673dd18ee41c,2026-09-22T07:01:04.000Z,129677,126.6,427,26,2018-12-29,2021-11-23,42,
FilterBased,ChemSpecPM10,PHMO,FilterBased_ChemSpecPM10_PHMO.csv,5ebe83a81e2ddc46d4726a88747bef3b,2026-09-22T07:01:04.000Z,411,0.4,0,26,,,0,
FilterBased,ChemSpecPM10,PRFJ,FilterBased_ChemSpecPM10_PRFJ.csv,69a8609f2875d929aeaecde493066ede,2026-09-22T07:01:04.000Z,73329,71.6,245,26,2021-03-18,2025-10-09,37,
FilterBased,ChemSpecPM10,SGSU,FilterBased_ChemSpecPM10_SGSU.csv,4dcaf3cb60674ca5572e3cf093dce3fd,2026-09-22T07:01:04.000Z,23647,23.1,77,26,2019-06-19,2019-08-23,39,
FilterBased,ChemSpecPM10,TWKA,FilterBased_ChemSpecPM10_TWKA.csv,d778b166e299738f62402fd580d7b4f7,2026-09-22T07:01:04.000Z,37155,36.3,122,26,2024-04-18,2025-10-14,39,
FilterBased,ChemSpecPM10,TWTA,FilterBased_ChemSpecPM10_TWTA.csv,344b8cd373254a08a95856ae19dec8a7,2026-09-22T07:01:04.000Z,50517,49.3,166,26,2024-04-17,2025-11-16,39,
FilterBased,ChemSpecPM10,USBO,FilterBased_ChemSpecPM10_USBO.csv,a56357444f3ced5811d89d8f2389b673,2026-09-22T07:01:04.000Z,416,0.4,0,26,,,0,
FilterBased,ChemSpecPM10,USMC,FilterBased_ChemSpecPM10_USMC.csv,7c8f1d376bfcd0b870cab2a430d53257,2026-09-22T07:01:04.000Z,419,0.4,0,26,,,0,
FilterBased,ChemSpecPM10,USNO,FilterBased_ChemSpecPM10_USNO.csv,262cd49b4ee56ed2fae327de44dcc052,2026-09-22T07:01:04.000Z,11032,10.8,36,26,2023-02-22,2024-01-25,35,
FilterBased,ChemSpecPM10,USPA,FilterBased_ChemSpecPM10_USPA.csv,ce2313761e9b14302f769206e6d1b42f,2026-09-22T07:01:04.000Z,415,0.4,0,26,,,0,
FilterBased,ChemSpecPM10,VNHN,FilterBased_ChemSpecPM10_VNHN.csv,9b443c738820c2c1a8754183883bd076,2026-09-22T07:01:04.000Z,66490,64.9,212,26,2017-10-28,2020-10-05,42,
FilterBased,ChemSpecPM10,ZAJB,FilterBased_ChemSpecPM10_ZAJB.csv,6effa4f768f3e1ad01134221ea39c7f7,2026-09-22T07:01:04.000Z,71302,69.6,235,26,2024-01-15,2025-08-19,39,
FilterBased,ChemSpecPM10,ZAPR,FilterBased_ChemSpecPM10_ZAPR.csv,a2ad040c054b74b5ce37303607a6d556,2026-09-22T07:01:05.000Z,70130,68.5,231,26,2021-02-12,2026-04-17,39,
FilterBased,ChemSpecPM25,AEAZ,FilterBased_ChemSpecPM25_AEAZ.csv,ea04720efe7458678ae8b62df0b3698e,2026-09-22T07:01:05.000Z,1682265,1642.8,5717,26,2019-04-26,2024-12-02,42,
FilterBased,ChemSpecPM25,ARCB,FilterBased_ChemSpecPM25_ARCB.csv,68552b8f0258a542c205e65f4704d685,2026-09-22T07:01:05.000Z,493542,482.0,1492,26,2014-10-02,2016-10-13,33,
FilterBased,ChemSpecPM25,AUMN,FilterBased_ChemSpecPM25_AUMN.csv,934828a765f8d7b3192be13a31523d71,2026-09-22T07:01:05.000Z,718406,701.6,2409,26,2022-11-28,2026-02-27,40,
FilterBased,ChemSpecPM25,BDDU,FilterBased_ChemSpecPM25_BDDU.csv,07b14978b099bf7973a9f59b2b4cc1af,2026-09-22T07:01:05.000Z,1224733,1196.0,3932,26,2013-10-24,2024-05-25,45,
FilterBased,ChemSpecPM25,BIBU,FilterBased_ChemSpecPM25_BIBU.csv,c9a25b4aea717ad09d1abebe37305b20,2026-09-22T07:01:05.000Z,415367,405.6,1420,26,2022-12-09,2024-08-01,39,
FilterBased,ChemSpecPM25,CADO,FilterBased_ChemSpecPM25_CADO.csv,c9f5bb568808bbec1e6c699fe99a1111,2026-09-22T07:01:05.000Z,814097,795.0,2537,26,2017-07-12,2019-08-04,45,
FilterBased,ChemSpecPM25,CAHA,FilterBased_ChemSpecPM25_CAHA.csv,8cdade9ca3b89beac9c5956d87d0f0fa,2026-09-22T07:01:05.000Z,1682388,1643.0,5630,26,2017-06-28,2024-02-05,45,
FilterBased,ChemSpecPM25,CAKE,FilterBased_ChemSpecPM25_CAKE.csv,c3d75dc77d9d11626f20890a71ede703,2026-09-22T07:01:05.000Z,211082,206.1,618,26,2017-11-02,2019-02-26,33,
FilterBased,ChemSpecPM25,CALE,FilterBased_ChemSpecPM25_CALE.csv,ba47bae086e560d346b39418f0dfec96,2026-09-22T07:01:05.000Z,224389,219.1,720,26,2017-08-26,2019-08-23,43,
FilterBased,ChemSpecPM25,CASH,FilterBased_ChemSpecPM25_CASH.csv,04256675cae9d4116f9e044e44679480,2026-09-22T07:01:05.000Z,1148413,1121.5,3739,26,2017-06-28,2024-08-15,45,
FilterBased,ChemSpecPM25,CHTS,FilterBased_ChemSpecPM25_CHTS.csv,62e743925fab365208ceb363f9294977,2026-09-22T07:01:05.000Z,4141425,4044.4,13525,26,2013-06-28,2024-10-06,45,
FilterBased,ChemSpecPM25,CLST,FilterBased_ChemSpecPM25_CLST.csv,4f90a402772b1432c83105c0cb39c06a,2026-09-22T07:01:05.000Z,2117577,2067.9,6954,26,2024-11-05,2026-05-23,41,
FilterBased,ChemSpecPM25,CLTA,FilterBased_ChemSpecPM25_CLTA.csv,0addb1f16453c311ac677fe0edb64528,2026-09-22T07:01:05.000Z,1004093,980.6,3326,26,2025-07-25,2026-04-21,41,
FilterBased,ChemSpecPM25,ETAD,FilterBased_ChemSpecPM25_ETAD.csv,7a57372978b613d6345dc80942f82f88,2026-09-22T07:01:05.000Z,2896817,2828.9,9771,26,2022-12-07,2026-03-01,41,
FilterBased,ChemSpecPM25,ETBI,FilterBased_ChemSpecPM25_ETBI.csv,1ba3de5889a690d93d40781738d8afa5,2026-09-22T07:01:05.000Z,396295,387.0,1341,26,2025-11-05,2026-05-19,39,
FilterBased,ChemSpecPM25,IDBD,FilterBased_ChemSpecPM25_IDBD.csv,9a66c1a79ab214f2b173b27a542b6c28,2026-09-22T07:01:05.000Z,1239312,1210.3,3960,26,2014-01-10,2025-05-27,45,
FilterBased,ChemSpecPM25,ILHA,FilterBased_ChemSpecPM25_ILHA.csv,efb6ad872ffacdc2bdb4702601548835,2026-09-22T07:01:05.000Z,2115623,2066.0,7104,26,2022-02-16,2026-01-01,42,
FilterBased,ChemSpecPM25,ILNZ,FilterBased_ChemSpecPM25_ILNZ.csv,5c29c2bdc08c3199e5ccb8309e4fc722,2026-09-22T07:01:05.000Z,3281828,3204.9,10850,26,2015-02-13,2025-02-10,45,
FilterBased,ChemSpecPM25,INDH,FilterBased_ChemSpecPM25_INDH.csv,79d9fcd2274c66678a77ccab224db2c9,2026-09-22T07:01:05.000Z,1361321,1329.4,4577,26,2024-03-05,2026-04-26,41,
FilterBased,ChemSpecPM25,INJA,FilterBased_ChemSpecPM25_INJA.csv,013cfd59b72ded8f89962e275c4f37f1,2026-09-22T07:01:05.000Z,607008,592.8,2047,26,2025-04-13,2026-03-15,40,
FilterBased,ChemSpecPM25,INKA,FilterBased_ChemSpecPM25_INKA.csv,abc1f4a8dfe8be8e9745368b5f503364,2026-09-22T07:01:05.000Z,455420,444.7,1434,26,2013-12-16,2022-05-16,45,
FilterBased,ChemSpecPM25,KRSE,FilterBased_ChemSpecPM25_KRSE.csv,7916ebc2c39ded951a250ffb86de35ac,2026-09-22T07:01:05.000Z,958566,936.1,3234,26,2019-05-02,2023-12-31,41,
FilterBased,ChemSpecPM25,KRUL,FilterBased_ChemSpecPM25_KRUL.csv,cf3604f5882e6b80089bff1af7c0903a,2026-09-22T07:01:05.000Z,1528414,1492.6,5203,26,2021-10-28,2026-03-04,42,
FilterBased,ChemSpecPM25,MXMC,FilterBased_ChemSpecPM25_MXMC.csv,f4c8228314b4b78e8db5e725afde84cc,2026-09-22T07:01:05.000Z,682111,666.1,2296,26,2021-02-26,2026-02-23,42,
FilterBased,ChemSpecPM25,NGIL,FilterBased_ChemSpecPM25_NGIL.csv,5c4802461a4b799789b41917db543d34,2026-09-22T07:01:05.000Z,718033,701.2,2379,26,2014-06-20,2026-04-28,45,
FilterBased,ChemSpecPM25,PHMO,FilterBased_ChemSpecPM25_PHMO.csv,996a7e123775160609dcefa6d595e0c9,2026-09-22T07:01:05.000Z,138364,135.1,420,26,2014-05-01,2015-10-13,33,
FilterBased,ChemSpecPM25,PRFJ,FilterBased_ChemSpecPM25_PRFJ.csv,ee6296228e8f41eed8653ee70bc76ce8,2026-09-22T07:01:05.000Z,627749,613.0,2125,26,2021-03-18,2025-05-18,41,
FilterBased,ChemSpecPM25,SGSU,FilterBased_ChemSpecPM25_SGSU.csv,abdfda54a291923b60a8e4137754518a,2026-09-22T07:01:06.000Z,540211,527.5,1693,26,2016-04-05,2019-12-09,45,
FilterBased,ChemSpecPM25,TWKA,FilterBased_ChemSpecPM25_TWKA.csv,0486d94ff92782166912727bb8a9431d,2026-09-22T07:01:06.000Z,1898733,1854.2,6339,26,2022-08-20,2026-03-15,42,
FilterBased,ChemSpecPM25,TWTA,FilterBased_ChemSpecPM25_TWTA.csv,665458a6240dd7ef4a4ab4b3ca09768c,2026-09-22T07:01:05.000Z,3060649,2988.9,10158,26,2022-01-27,2026-04-14,42,
FilterBased,ChemSpecPM25,USBO,FilterBased_ChemSpecPM25_USBO.csv,b4f5f672e45d4cf6d72acee73f6b79dd,2026-09-22T07:01:05.000Z,120356,117.5,362,26,2015-08-11,2016-03-27,33,
FilterBased,ChemSpecPM25,USMC,FilterBased_ChemSpecPM25_USMC.csv,0b80b79ba060261eb9dc3d611644d87d,2026-09-22T07:01:06.000Z,143045,139.7,423,26,2014-06-07,2014-08-12,22,
FilterBased,ChemSpecPM25,USNO,FilterBased_ChemSpecPM25_USNO.csv,507dd952e77eef52a214027c9781cfac,2026-09-22T07:01:06.000Z,287872,281.1,973,26,2023-02-21,2024-11-25,40,
FilterBased,ChemSpecPM25,USPA,FilterBased_ChemSpecPM25_USPA.csv,551ba0c6e9a4ad3426552e867b1886b8,2026-09-22T07:01:06.000Z,3118488,3045.4,10291,26,2021-11-09,2026-07-08,42,
FilterBased,ChemSpecPM25,VNHN,FilterBased_ChemSpecPM25_VNHN.csv,1cf70c36c30b423c5586268c411862a3,2026-09-22T07:01:06.000Z,245111,239.4,785,26,2015-05-22,2019-08-04,45,
FilterBased,ChemSpecPM25,ZAJB,FilterBased_ChemSpecPM25_ZAJB.csv,33b19d50276e8e26f1a1d95c3727aa55,2026-09-22T07:01:06.000Z,2503903,2445.2,8309,26,2022-04-07,2025-11-11,42,
FilterBased,ChemSpecPM25,ZAPR,FilterBased_ChemSpecPM25_ZAPR.csv,0df5d4707b5946c5fc735ff24c508406,2026-09-22T07:01:06.000Z,3204048,3129.0,10657,26,2015-10-18,2026-06-01,45,
FilterBased,ReconstrPM25,AEAZ,FilterBased_ReconstrPM25_AEAZ.csv,6318e528531533c2d33b35590d1d3f66,2026-09-22T07:01:06.000Z,594591,580.7,1889,23,2019-04-26,2024-12-02,14,
FilterBased,ReconstrPM25,ARCB,FilterBased_ReconstrPM25_ARCB.csv,36c530e4aba6af5b2ebc87b338c5806d,2026-09-22T07:01:06.000Z,140596,137.3,465,23,2014-10-02,2016-10-13,11,
FilterBased,ReconstrPM25,AUMN,FilterBased_ReconstrPM25_AUMN.csv,cde329c4c3a1dcb60031ca0b8b7b7fa5,2026-09-22T07:01:06.000Z,247623,241.8,771,23,2022-11-28,2026-02-27,14,
FilterBased,ReconstrPM25,BDDU,FilterBased_ReconstrPM25_BDDU.csv,bd662494035443b935165a5f65523382,2026-09-22T07:01:06.000Z,391946,382.8,1266,23,2013-10-24,2024-05-25,14,
FilterBased,ReconstrPM25,BIBU,FilterBased_ReconstrPM25_BIBU.csv,71c0bd173be6310b8e69b8788d31ee88,2026-09-22T07:01:06.000Z,156586,152.9,499,23,2022-12-09,2024-08-01,13,
FilterBased,ReconstrPM25,CADO,FilterBased_ReconstrPM25_CADO.csv,e237fd5de901904372b1c62f0ab6d186,2026-09-22T07:01:06.000Z,244799,239.1,821,23,2017-07-12,2019-08-04,13,
FilterBased,ReconstrPM25,CAHA,FilterBased_ReconstrPM25_CAHA.csv,099cc82bb31154a38acebc6288bab5db,2026-09-22T07:01:06.000Z,591843,578.0,1912,23,2017-06-28,2024-02-05,13,
FilterBased,ReconstrPM25,CAKE,FilterBased_ReconstrPM25_CAKE.csv,69c0c394f83d4ffd506cf5fd44831c4c,2026-09-22T07:01:06.000Z,59209,57.8,192,23,2017-11-02,2019-02-26,11,
FilterBased,ReconstrPM25,CALE,FilterBased_ReconstrPM25_CALE.csv,7a6749226eed286e42bde50ed93add5e,2026-09-22T07:01:06.000Z,84570,82.6,265,23,2017-08-26,2019-08-23,13,
FilterBased,ReconstrPM25,CASH,FilterBased_ReconstrPM25_CASH.csv,4d57312cf07967aa40f3667d1e3eb0ba,2026-09-22T07:01:06.000Z,394741,385.5,1254,23,2017-06-28,2024-08-15,13,
FilterBased,ReconstrPM25,CHTS,FilterBased_ReconstrPM25_CHTS.csv,b8a2c90d1c19a01fdb375f6030a45d9a,2026-09-22T07:01:06.000Z,1337137,1305.8,4322,23,2013-06-28,2024-10-06,14,
FilterBased,ReconstrPM25,CLST,FilterBased_ReconstrPM25_CLST.csv,449778fb753aff9aaf40f9e9477224ee,2026-09-22T07:01:06.000Z,728887,711.8,2240,23,2024-11-05,2026-07-04,14,
FilterBased,ReconstrPM25,CLTA,FilterBased_ReconstrPM25_CLTA.csv,e4d76969a00f78f47d43fc6872ac7919,2026-09-22T07:01:06.000Z,374080,365.3,1161,23,2025-07-25,2026-07-09,14,
FilterBased,ReconstrPM25,ETAD,FilterBased_ReconstrPM25_ETAD.csv,fe34800dfa86c375c63c54b20be20f47,2026-09-22T07:01:06.000Z,1022470,998.5,3228,23,2022-12-07,2026-06-28,14,
FilterBased,ReconstrPM25,ETBI,FilterBased_ReconstrPM25_ETBI.csv,6e90f29c9625f987465cda4e3857d7c0,2026-09-22T07:01:06.000Z,164914,161.0,519,23,2025-11-05,2026-06-11,14,
FilterBased,ReconstrPM25,IDBD,FilterBased_ReconstrPM25_IDBD.csv,927e720c66b2f9999f741d4705029af1,2026-09-22T07:01:06.000Z,403653,394.2,1315,23,2014-01-10,2025-05-27,13,
FilterBased,ReconstrPM25,ILHA,FilterBased_ReconstrPM25_ILHA.csv,3666b885a53ac80f5fb16036b331bda3,2026-09-22T07:01:06.000Z,751722,734.1,2355,23,2022-02-16,2026-06-14,14,
FilterBased,ReconstrPM25,ILNZ,FilterBased_ReconstrPM25_ILNZ.csv,6d7c48348e102dcf0f98cac6ab14af9f,2026-09-22T07:01:06.000Z,1114713,1088.6,3534,23,2015-02-13,2026-03-21,14,
FilterBased,ReconstrPM25,INDH,FilterBased_ReconstrPM25_INDH.csv,a22a91820ce9d15809c2e9129e17ebdc,2026-09-22T07:01:06.000Z,519812,507.6,1635,23,2024-03-05,2026-07-19,14,
FilterBased,ReconstrPM25,INJA,FilterBased_ReconstrPM25_INJA.csv,4338d53d26fc2431c0f9ac255759a3e4,2026-09-22T07:01:06.000Z,237564,232.0,751,23,2025-04-13,2026-07-07,14,
FilterBased,ReconstrPM25,INKA,FilterBased_ReconstrPM25_INKA.csv,8834c0661b429c36271c187822349c87,2026-09-22T07:01:06.000Z,148955,145.5,481,23,2013-12-16,2022-05-16,13,
FilterBased,ReconstrPM25,KRSE,FilterBased_ReconstrPM25_KRSE.csv,1652628cd34bacfe68fe9d5a03b7ffd2,2026-09-22T07:01:06.000Z,343840,335.8,1075,23,2019-05-02,2023-12-31,13,
FilterBased,ReconstrPM25,KRUL,FilterBased_ReconstrPM25_KRUL.csv,a5287430f3dd42483eab1338871e8498,2026-09-22T07:01:06.000Z,515754,503.7,1634,23,2021-10-28,2026-03-04,14,
FilterBased,ReconstrPM25,MXMC,FilterBased_ReconstrPM25_MXMC.csv,cdf47688163c39088c870617300d902e,2026-09-22T07:01:06.000Z,236304,230.8,739,23,2021-02-26,2026-02-23,14,
FilterBased,ReconstrPM25,NGIL,FilterBased_ReconstrPM25_NGIL.csv,b4ff895bfc8f0fb1e44664db7c08e148,2026-09-22T07:01:06.000Z,257564,251.5,821,23,2014-06-20,2026-04-28,13,
FilterBased,ReconstrPM25,PHMO,FilterBased_ReconstrPM25_PHMO.csv,7a62cf9ef6c996c09296c40b2894a56a,2026-09-22T07:01:06.000Z,39886,39.0,132,23,2014-05-01,2015-10-13,11,
FilterBased,ReconstrPM25,PRFJ,FilterBased_ReconstrPM25_PRFJ.csv,1fc8698fbb2dfe7f1feb8173e7ad8b73,2026-09-22T07:01:06.000Z,220593,215.4,695,23,2021-03-18,2025-05-18,13,
FilterBased,ReconstrPM25,SGSU,FilterBased_ReconstrPM25_SGSU.csv,7606eb0cd3d61f9bfc217548c9099e0e,2026-09-22T07:01:06.000Z,167128,163.2,546,23,2016-04-05,2019-12-09,13,
FilterBased,ReconstrPM25,TWKA,FilterBased_ReconstrPM25_TWKA.csv,3ff9e961ced676c0b528f1990352a6a8,2026-09-22T07:01:06.000Z,694825,678.5,2171,23,2022-08-20,2026-06-07,14,
FilterBased,ReconstrPM25,TWTA,FilterBased_ReconstrPM25_TWTA.csv,398c05e973d89d8b15508e593690f8d8,2026-09-22T07:01:06.000Z,1105261,1079.4,3424,23,2022-01-27,2026-05-31,14,
FilterBased,ReconstrPM25,USBO,FilterBased_ReconstrPM25_USBO.csv,78e4e2575600fc519dfef479f7a0897f,2026-09-22T07:01:06.000Z,34457,33.6,112,23,2015-08-11,2016-03-27,11,
FilterBased,ReconstrPM25,USMC,FilterBased_ReconstrPM25_USMC.csv,c5d98ba0a530989933081b5846c38736,2026-09-22T07:01:06.000Z,38092,37.2,125,23,2014-06-07,2014-08-12,7,
FilterBased,ReconstrPM25,USNO,FilterBased_ReconstrPM25_USNO.csv,c28b8c625cdb2170eafdc416322ee76b,2026-09-22T07:01:06.000Z,103587,101.2,327,23,2023-02-21,2024-11-25,14,
FilterBased,ReconstrPM25,USPA,FilterBased_ReconstrPM25_USPA.csv,228521f5d0b9dd339d2dff86e89d1256,2026-09-22T07:01:06.000Z,1064876,1039.9,3270,23,2021-11-09,2026-07-08,14,
FilterBased,ReconstrPM25,VNHN,FilterBased_ReconstrPM25_VNHN.csv,2eb89ba68224de0743dd77cee4174d7d,2026-09-22T07:01:06.000Z,73446,71.7,232,23,2015-05-22,2019-08-04,13,
FilterBased,ReconstrPM25,ZAJB,FilterBased_ReconstrPM25_ZAJB.csv,b457223c95a60766f4ebfc85f0e69199,2026-09-22T07:01:06.000Z,878738,858.1,2729,23,2022-04-07,2025-11-11,14,
FilterBased,ReconstrPM25,ZAPR,FilterBased_ReconstrPM25_ZAPR.csv,e88a23f164079a1916ad27ced5c89a23,2026-09-22T07:01:07.000Z,1130384,1103.9,3523,23,2015-10-18,2026-06-01,14,
NephelProcd,DailyScaPM10,AEAZ,NephelProcd_DailyScaPM10_AEAZ.csv,4762f7fe4b3c8077af2a0243a62f5e01,2024-08-09T02:25:56.000Z,60068,58.7,688,13,2019-11-25,2023-11-24,0,
NephelProcd,DailyScaPM10,AUMN,NephelProcd_DailyScaPM10_AUMN.csv,10d871aeb835bc2da80daaed707eadbf,2026-09-22T07:01:06.000Z,60773,59.3,696,13,2022-07-21,2024-06-24,0,
NephelProcd,DailyScaPM10,CADO,NephelProcd_DailyScaPM10_CADO.csv,f8a8c30b2f40f2426c5599fc9dbef163,2026-09-22T07:01:07.000Z,63461,62.0,727,13,2017-07-10,2019-09-05,0,
NephelProcd,DailyScaPM10,CAHA,NephelProcd_DailyScaPM10_CAHA.csv,4399197c6d86c0b203899f66090cbe0e,2026-09-22T07:01:07.000Z,71204,69.5,816,13,2017-04-13,2022-04-06,0,
NephelProcd,DailyScaPM10,CAKE,NephelProcd_DailyScaPM10_CAKE.csv,277e58c2dbf7707cc38164457585561a,2026-09-22T07:01:07.000Z,14480,14.1,164,13,2017-11-01,2019-11-14,0,
NephelProcd,DailyScaPM10,CALE,NephelProcd_DailyScaPM10_CALE.csv,3a975268c0085230b56042de3d92a760,2026-09-22T07:01:07.000Z,43712,42.7,500,13,2017-08-30,2019-09-09,0,
NephelProcd,DailyScaPM10,CASH,NephelProcd_DailyScaPM10_CASH.csv,7ed3e98f851b1af6eae9c69c285309cb,2026-09-22T07:01:07.000Z,212588,207.6,2441,13,2017-04-25,2024-11-25,0,
NephelProcd,DailyScaPM10,CHTS,NephelProcd_DailyScaPM10_CHTS.csv,374828a616fee0d0062085775b93c7ad,2026-09-22T07:01:07.000Z,65810,64.3,754,13,2019-04-23,2022-06-12,0,
NephelProcd,DailyScaPM10,CODC,NephelProcd_DailyScaPM10_CODC.csv,a31d0ea6cb08f185a84f1cb8274bc105,2026-09-22T07:01:07.000Z,12479,12.2,141,13,2019-10-08,2020-09-11,0,
NephelProcd,DailyScaPM10,ILNZ,NephelProcd_DailyScaPM10_ILNZ.csv,c2b01aecb98b905c71e9cf2d511b4a74,2026-09-22T07:01:07.000Z,48332,47.2,553,13,2017-07-18,2025-02-13,0,
NephelProcd,DailyScaPM10,INKA,NephelProcd_DailyScaPM10_INKA.csv,c14ce628a93934697da5325ebc91d0a0,2026-09-22T07:01:07.000Z,21599,21.1,246,13,2013-12-11,2020-01-13,0,
NephelProcd,DailyScaPM10,KRSE,NephelProcd_DailyScaPM10_KRSE.csv,99edfb79ead7d42f43f6ce6b4ff54ba7,2026-09-22T07:01:07.000Z,15089,14.7,171,13,2018-09-18,2021-04-27,0,
NephelProcd,DailyScaPM10,KRUL,NephelProcd_DailyScaPM10_KRUL.csv,17e913f1e6a2ca0d72005629b60a7971,2026-09-22T07:01:07.000Z,28400,27.7,324,13,2021-09-03,2023-01-06,0,
NephelProcd,DailyScaPM10,MXMC,NephelProcd_DailyScaPM10_MXMC.csv,9011b55d2459ce9991c09e75379c2ce4,2024-08-09T02:25:56.000Z,71798,70.1,823,13,2021-02-17,2023-08-07,0,
NephelProcd,DailyScaPM10,NGIL,NephelProcd_DailyScaPM10_NGIL.csv,e26275e79fc6c4c0ad8191ed4f0545dc,2026-09-22T07:01:07.000Z,35511,34.7,405,13,2014-04-13,2020-12-29,0,
NephelProcd,DailyScaPM10,PHMO,NephelProcd_DailyScaPM10_PHMO.csv,fc47e18d704098c673915f2951693ea6,2026-09-22T07:01:07.000Z,76520,74.7,877,13,2019-10-23,2023-05-02,0,
NephelProcd,DailyScaPM10,SGSU,NephelProcd_DailyScaPM10_SGSU.csv,79bf7d920405b30e493105d880602a43,2026-09-22T07:01:07.000Z,89909,87.8,1031,13,2015-07-10,2020-01-28,0,
NephelProcd,DailyScaPM10,USNO,NephelProcd_DailyScaPM10_USNO.csv,116c5d0a5402e7687b7eabb1032dc638,2026-09-22T07:01:07.000Z,59120,57.7,677,13,2022-08-03,2024-08-03,0,
NephelProcd,DailyScaPM10,VNHN,NephelProcd_DailyScaPM10_VNHN.csv,df885a7033005eb1633f244e14d527b8,2026-09-22T07:01:07.000Z,4649,4.5,51,13,2019-11-28,2020-08-18,0,
NephelProcd,DailyScaPM10,ZAPR,NephelProcd_DailyScaPM10_ZAPR.csv,c760bb20b5b9843d5ee6a7210c2d0d92,2026-09-22T07:01:07.000Z,39362,38.4,450,13,2019-04-03,2022-01-10,0,
NephelProcd,DailyScaPM25,AEAZ,NephelProcd_DailyScaPM25_AEAZ.csv,07035de4254d6fc62f9c021758e2278c,2024-08-09T02:25:57.000Z,54848,53.6,628,13,2019-11-25,2023-11-24,0,
NephelProcd,DailyScaPM25,AUMN,NephelProcd_DailyScaPM25_AUMN.csv,c085b506a5522fc3dc6cc1cf6da1f6a0,2026-09-22T07:01:07.000Z,60773,59.3,696,13,2022-07-21,2024-06-24,0,
NephelProcd,DailyScaPM25,CADO,NephelProcd_DailyScaPM25_CADO.csv,8fa6911274ab5878d41cd2d8584af8c6,2026-09-22T07:01:07.000Z,64244,62.7,736,13,2017-07-10,2019-09-05,0,
NephelProcd,DailyScaPM25,CAHA,NephelProcd_DailyScaPM25_CAHA.csv,bed15d63e53b32e28d7309373cd8c420,2026-09-22T07:01:07.000Z,76511,74.7,877,13,2017-04-13,2022-04-06,0,
NephelProcd,DailyScaPM25,CAKE,NephelProcd_DailyScaPM25_CAKE.csv,c873ad24e95df0f7e28e30b136b9d202,2026-09-22T07:01:07.000Z,11957,11.7,135,13,2017-11-01,2019-11-14,0,
NephelProcd,DailyScaPM25,CALE,NephelProcd_DailyScaPM25_CALE.csv,071059ab5bc7e92b60f20e117de34dfb,2026-09-22T07:01:07.000Z,33794,33.0,386,13,2017-08-30,2019-05-14,0,
NephelProcd,DailyScaPM25,CASH,NephelProcd_DailyScaPM25_CASH.csv,e199fcff2d8cea1d08eb3900bdb9d21c,2026-09-22T07:01:07.000Z,214067,209.0,2458,13,2017-04-25,2024-11-25,0,
NephelProcd,DailyScaPM25,CHTS,NephelProcd_DailyScaPM25_CHTS.csv,cd56fedc85bcf6c00c281524e100970b,2026-09-22T07:01:07.000Z,67115,65.5,769,13,2019-04-23,2022-06-12,0,
NephelProcd,DailyScaPM25,CODC,NephelProcd_DailyScaPM25_CODC.csv,22b0f84fc9cb0966d68d9cc7683a4a48,2026-09-22T07:01:07.000Z,12566,12.3,142,13,2019-10-08,2020-09-11,0,
NephelProcd,DailyScaPM25,ILNZ,NephelProcd_DailyScaPM25_ILNZ.csv,fd961e3f7660bb0c2c7de9e4ff33e04f,2026-09-22T07:01:07.000Z,46592,45.5,533,13,2017-07-18,2025-02-13,0,
NephelProcd,DailyScaPM25,INKA,NephelProcd_DailyScaPM25_INKA.csv,8f4fe145fb43e2962e436700d8062e90,2026-09-22T07:01:07.000Z,3344,3.3,36,13,2019-10-21,2019-11-25,0,
NephelProcd,DailyScaPM25,KRSE,NephelProcd_DailyScaPM25_KRSE.csv,09bcdba84a063cd7f1a4e9734f9a94e5,2026-09-22T07:01:07.000Z,12566,12.3,142,13,2018-09-18,2021-03-16,0,
NephelProcd,DailyScaPM25,KRUL,NephelProcd_DailyScaPM25_KRUL.csv,c06abd1b61555171a741b2dae3914e4f,2026-09-22T07:01:07.000Z,28313,27.6,323,13,2021-09-03,2023-01-06,0,
NephelProcd,DailyScaPM25,MXMC,NephelProcd_DailyScaPM25_MXMC.csv,48a402be89e48ca3cdfa15051dcdb333,2024-08-09T02:25:57.000Z,58589,57.2,671,13,2021-02-17,2023-08-07,0,
NephelProcd,DailyScaPM25,NGIL,NephelProcd_DailyScaPM25_NGIL.csv,d1bcbfbe0463ad80e3b352d94b6c022e,2026-09-22T07:01:07.000Z,6911,6.7,77,13,2019-04-26,2020-10-16,0,
NephelProcd,DailyScaPM25,PHMO,NephelProcd_DailyScaPM25_PHMO.csv,9c2d6918d8dbd9e14805c59b972661b9,2026-09-22T07:01:07.000Z,76520,74.7,877,13,2019-10-23,2023-05-02,0,
NephelProcd,DailyScaPM25,SGSU,NephelProcd_DailyScaPM25_SGSU.csv,ca23d64657123300e382e1468e6a403f,2026-09-22T07:01:07.000Z,15872,15.5,180,13,2019-08-02,2020-01-28,0,
NephelProcd,DailyScaPM25,USNO,NephelProcd_DailyScaPM25_USNO.csv,f5eda510cb0c97ceb45f9113db1b6bab,2026-09-22T07:01:07.000Z,59120,57.7,677,13,2022-08-03,2024-08-03,0,
NephelProcd,DailyScaPM25,VNHN,NephelProcd_DailyScaPM25_VNHN.csv,c8a165bee94ee331161c620ea37c5c2a,2026-09-22T07:01:07.000Z,1430,1.4,14,13,2019-11-28,2020-08-10,0,
NephelProcd,DailyScaPM25,ZAPR,NephelProcd_DailyScaPM25_ZAPR.csv,ca7b20b4bce7fcc171e51d9b276c2917,2026-09-22T07:01:07.000Z,33707,32.9,385,13,2019-04-03,2022-01-01,0,
NephelProcd,HourlyScaPM10,AEAZ,NephelProcd_HourlyScaPM10_AEAZ.csv,f776d6fac8c47940ab5aa5cc20e1e95d,2024-08-09T02:25:57.000Z,1368622,1336.5,15729,13,2019-11-25,2023-11-24,0,
NephelProcd,HourlyScaPM10,AUMN,NephelProcd_HourlyScaPM10_AUMN.csv,c1e5ea8f5cfbfa8fd925f753ca0fca97,2026-09-22T07:01:07.000Z,1359235,1327.4,15621,13,2022-07-21,2024-06-24,0,
NephelProcd,HourlyScaPM10,CADO,NephelProcd_HourlyScaPM10_CADO.csv,a730ffbb5d60f77a362a9b5af0e5b02b,2026-09-22T07:01:07.000Z,1252999,1223.6,14400,13,2017-07-10,2019-09-05,0,
NephelProcd,HourlyScaPM10,CAHA,NephelProcd_HourlyScaPM10_CAHA.csv,1baaac1d6cf0ac0e819507bcf4708702,2026-09-22T07:01:07.000Z,1187227,1159.4,13644,13,2017-04-13,2022-04-06,0,
NephelProcd,HourlyScaPM10,CAKE,NephelProcd_HourlyScaPM10_CAKE.csv,07d56890c2db2c8bb268b726fbbe912b,2026-09-22T07:01:07.000Z,202648,197.9,2327,13,2017-11-01,2019-11-14,0,
NephelProcd,HourlyScaPM10,CALE,NephelProcd_HourlyScaPM10_CALE.csv,eb63aa20b5146dbad14885e73361517e,2026-09-22T07:01:08.000Z,474262,463.1,5449,13,2017-08-30,2019-09-09,0,
NephelProcd,HourlyScaPM10,CASH,NephelProcd_HourlyScaPM10_CASH.csv,e8e042385cf2977c53497fe2461c0a18,2026-09-22T07:01:07.000Z,4014649,3920.6,46143,13,2017-04-25,2024-11-25,0,
NephelProcd,HourlyScaPM10,CHTS,NephelProcd_HourlyScaPM10_CHTS.csv,6a6a89b99a69a8ce60bd280ec81213c2,2026-09-22T07:01:07.000Z,1063689,1038.8,12224,13,2019-04-23,2022-06-12,0,
NephelProcd,HourlyScaPM10,CODC,NephelProcd_HourlyScaPM10_CODC.csv,f769557e901a204a46ef46b1796f1f03,2026-09-22T07:01:07.000Z,94681,92.5,1086,13,2019-10-08,2020-09-11,0,
NephelProcd,HourlyScaPM10,ILNZ,NephelProcd_HourlyScaPM10_ILNZ.csv,9226af6f0785090def4b92d019c16344,2026-09-22T07:01:07.000Z,1072657,1047.5,12327,13,2017-07-18,2025-02-13,0,
NephelProcd,HourlyScaPM10,INKA,NephelProcd_HourlyScaPM10_INKA.csv,e11592de107eb72c0e51168a29d7d950,2026-09-22T07:01:07.000Z,464344,453.5,5335,13,2013-12-11,2020-01-13,0,
NephelProcd,HourlyScaPM10,KRSE,NephelProcd_HourlyScaPM10_KRSE.csv,4e0cc615a68459bb00b4fbc582654966,2026-09-22T07:01:07.000Z,109819,107.2,1260,13,2018-09-18,2021-04-27,0,
NephelProcd,HourlyScaPM10,KRUL,NephelProcd_HourlyScaPM10_KRUL.csv,2583bfe2f7c0b147abe48d355cf65187,2026-09-22T07:01:07.000Z,633385,618.5,7278,13,2021-09-03,2023-01-06,0,
NephelProcd,HourlyScaPM10,MXMC,NephelProcd_HourlyScaPM10_MXMC.csv,6ca4e0e2cd578b893e5cf1260001438b,2024-08-09T02:25:57.000Z,1074736,1049.5,12351,13,2021-02-17,2023-08-07,0,
NephelProcd,HourlyScaPM10,NGIL,NephelProcd_HourlyScaPM10_NGIL.csv,4b75a5b2f29bd62f94633f3fc3e47e03,2026-09-22T07:01:07.000Z,740916,723.6,8499,13,2014-04-13,2020-12-29,0,
NephelProcd,HourlyScaPM10,PHMO,NephelProcd_HourlyScaPM10_PHMO.csv,fa2bd122e67779c66df43f34f956b761,2026-09-22T07:01:08.000Z,1622758,1584.7,18650,13,2019-10-23,2023-05-02,0,
NephelProcd,HourlyScaPM10,SGSU,NephelProcd_HourlyScaPM10_SGSU.csv,b1ccc1bb3fe27a5f1545bca4366d8e5c,2026-09-22T07:01:08.000Z,2000329,1953.4,22990,13,2015-07-10,2020-01-28,0,
NephelProcd,HourlyScaPM10,USNO,NephelProcd_HourlyScaPM10_USNO.csv,0a88c256da4a2085af061282d550684a,2026-09-22T07:01:08.000Z,1330873,1299.7,15295,13,2022-08-03,2024-08-03,0,
NephelProcd,HourlyScaPM10,VNHN,NephelProcd_HourlyScaPM10_VNHN.csv,93b6f089173d35eea1ea7af8f13a63e3,2026-09-22T07:01:08.000Z,36913,36.0,422,13,2019-11-28,2020-08-18,0,
NephelProcd,HourlyScaPM10,ZAPR,NephelProcd_HourlyScaPM10_ZAPR.csv,c2f24de9ab112f4766bf3f397305b68d,2026-09-22T07:01:08.000Z,832354,812.8,9565,13,2019-04-03,2022-01-10,0,
NephelProcd,HourlyScaPM25,AEAZ,NephelProcd_HourlyScaPM25_AEAZ.csv,aa1a1a34a5b7c7293d3dc4188493eff7,2024-08-09T02:25:58.000Z,1230205,1201.4,14138,13,2019-11-25,2023-11-24,0,
NephelProcd,HourlyScaPM25,AUMN,NephelProcd_HourlyScaPM25_AUMN.csv,4be7030c2da393fce3b09601ace3e5c8,2026-09-22T07:01:08.000Z,1368631,1336.6,15729,13,2022-07-21,2024-06-24,0,
NephelProcd,HourlyScaPM25,CADO,NephelProcd_HourlyScaPM25_CADO.csv,3b82dc3f8549f2631c0889e0b22cb0b9,2026-09-22T07:01:08.000Z,1454143,1420.1,16712,13,2017-07-10,2019-09-05,0,
NephelProcd,HourlyScaPM25,CAHA,NephelProcd_HourlyScaPM25_CAHA.csv,a6ace82f6cf8ccd46657b4147dc67d8b,2026-09-22T07:01:08.000Z,1569418,1532.6,18037,13,2017-04-13,2022-04-06,0,
NephelProcd,HourlyScaPM25,CAKE,NephelProcd_HourlyScaPM25_CAKE.csv,9984b957f7de9f0d229b422bf86b0c50,2026-09-22T07:01:08.000Z,206737,201.9,2374,13,2017-11-01,2019-11-14,0,
NephelProcd,HourlyScaPM25,CALE,NephelProcd_HourlyScaPM25_CALE.csv,353848b47fd5f6be7f5a0bb2d883b0f9,2026-09-22T07:01:08.000Z,633211,618.4,7276,13,2017-08-30,2019-05-14,0,
NephelProcd,HourlyScaPM25,CASH,NephelProcd_HourlyScaPM25_CASH.csv,b7125e71899f16b50e4a846d4283fcad,2026-09-22T07:01:08.000Z,4516465,4410.6,51911,13,2017-04-25,2024-11-25,0,
NephelProcd,HourlyScaPM25,CHTS,NephelProcd_HourlyScaPM25_CHTS.csv,50c72114f8e2853e8a5ed015b4e06dac,2026-09-22T07:01:08.000Z,1313551,1282.8,15096,13,2019-04-23,2022-06-12,0,
NephelProcd,HourlyScaPM25,CODC,NephelProcd_HourlyScaPM25_CODC.csv,44d5d1a65bcc3df900b883022813bd9d,2026-09-22T07:01:08.000Z,281905,275.3,3238,13,2019-10-08,2020-09-11,0,
NephelProcd,HourlyScaPM25,ILNZ,NephelProcd_HourlyScaPM25_ILNZ.csv,fad84684267e363d65d0501e2418827c,2026-09-22T07:01:08.000Z,1029679,1005.5,11833,13,2017-07-18,2025-02-13,0,
NephelProcd,HourlyScaPM25,INKA,NephelProcd_HourlyScaPM25_INKA.csv,52936b1e41e1531506e4d1065334a94c,2026-09-22T07:01:08.000Z,73018,71.3,837,13,2019-10-21,2019-11-25,0,
NephelProcd,HourlyScaPM25,KRSE,NephelProcd_HourlyScaPM25_KRSE.csv,e32c218614a474bb508e8312d28a00c3,2026-09-22T07:01:08.000Z,273553,267.1,3142,13,2018-09-18,2021-03-16,0,
NephelProcd,HourlyScaPM25,KRUL,NephelProcd_HourlyScaPM25_KRUL.csv,a4cc5538fe9bcfcd3d0059491a959518,2026-09-22T07:01:08.000Z,641998,627.0,7377,13,2021-09-03,2023-01-06,0,
NephelProcd,HourlyScaPM25,MXMC,NephelProcd_HourlyScaPM25_MXMC.csv,e7e46f97b2963f952ab241c71fe13269,2024-08-09T02:25:58.000Z,959113,936.6,11022,13,2021-02-17,2023-08-07,0,
NephelProcd,HourlyScaPM25,NGIL,NephelProcd_HourlyScaPM25_NGIL.csv,e7f0c197263e310170a7a981752fb715,2026-09-22T07:01:08.000Z,110428,107.8,1267,13,2019-04-26,2020-10-16,0,
NephelProcd,HourlyScaPM25,PHMO,NephelProcd_HourlyScaPM25_PHMO.csv,137c6f49e2fafc95fac82838be748186,2026-09-22T07:01:08.000Z,1618234,1580.3,18598,13,2019-10-23,2023-05-02,0,
NephelProcd,HourlyScaPM25,SGSU,NephelProcd_HourlyScaPM25_SGSU.csv,66ad68303cf5ce7a83663c919d282170,2026-09-22T07:01:08.000Z,340108,332.1,3907,13,2019-08-02,2020-01-28,0,
NephelProcd,HourlyScaPM25,USNO,NephelProcd_HourlyScaPM25_USNO.csv,a3556575ccf93dc23326bbf33bd8e324,2026-09-22T07:01:08.000Z,1326436,1295.3,15244,13,2022-08-03,2024-08-03,0,
NephelProcd,HourlyScaPM25,VNHN,NephelProcd_HourlyScaPM25_VNHN.csv,59878d6eac71092ab3a436f72088a833,2026-09-22T07:01:08.000Z,16903,16.5,192,13,2019-11-28,2020-08-10,0,
NephelProcd,HourlyScaPM25,ZAPR,NephelProcd_HourlyScaPM25_ZAPR.csv,26444768e1d979c7046e0fe203c721f2,2026-09-22T07:01:08.000Z,678277,662.4,7794,13,2019-04-03,2022-01-01,0,
TimeResPM25,DailyEstPM25,AEAZ,TimeResPM25_DailyEstPM25_AEAZ.csv,a872469ab20a28de9e2a728b2043a5f7,2024-08-09T02:25:59.000Z,180769,176.5,610,18,2019-11-25,2023-10-05,1,
TimeResPM25,DailyEstPM25,ARCB,TimeResPM25_DailyEstPM25_ARCB.csv,31e9f036e72a03861c591d0591d9a3d4,2026-09-22T07:01:08.000Z,224863,219.6,784,18,2014-10-02,2017-01-23,1,
TimeResPM25,DailyEstPM25,AUMN,TimeResPM25_DailyEstPM25_AUMN.csv,f1fd894949060ca874e17ca69ecf1dfd,2026-09-22T07:01:08.000Z,202757,198.0,674,18,2022-08-09,2024-06-24,1,
TimeResPM25,DailyEstPM25,BDDU,TimeResPM25_DailyEstPM25_BDDU.csv,b10e9033f804f7f8d3d48b4e48cc15bf,2026-09-22T07:01:08.000Z,63398,61.9,232,18,2013-10-24,2015-09-21,1,
TimeResPM25,DailyEstPM25,CADO,TimeResPM25_DailyEstPM25_CADO.csv,d8af9df80e889e170bf5167af54ca243,2026-09-22T07:01:08.000Z,218136,213.0,728,18,2017-07-12,2019-09-05,1,
TimeResPM25,DailyEstPM25,CAHA,TimeResPM25_DailyEstPM25_CAHA.csv,ff9c25d24af223db4131a62b6b47e798,2026-09-22T07:01:08.000Z,221475,216.3,759,18,2017-10-26,2022-04-06,1,
TimeResPM25,DailyEstPM25,CAKE,TimeResPM25_DailyEstPM25_CAKE.csv,d0872d8f6e1f58a99cc82594a047f49c,2026-09-22T07:01:08.000Z,30226,29.5,106,18,2017-11-10,2019-11-14,1,
TimeResPM25,DailyEstPM25,CALE,TimeResPM25_DailyEstPM25_CALE.csv,7d6022241eeac5214a53cee6c0c2eb9f,2026-09-22T07:01:08.000Z,106463,104.0,385,18,2017-08-30,2019-05-14,1,
TimeResPM25,DailyEstPM25,CASH,TimeResPM25_DailyEstPM25_CASH.csv,437882cee0d6210ff3524a6207b42cc1,2026-09-22T07:01:08.000Z,627734,613.0,2238,18,2017-06-28,2024-08-12,1,
TimeResPM25,DailyEstPM25,CHTS,TimeResPM25_DailyEstPM25_CHTS.csv,f31b169a93f6391dc44f2d726c064c25,2026-09-22T07:01:08.000Z,505087,493.2,1787,18,2014-05-28,2022-06-12,1,
TimeResPM25,DailyEstPM25,IDBD,TimeResPM25_DailyEstPM25_IDBD.csv,a5c67c916eb820e72dd6245b99a0ba46,2026-09-22T07:01:08.000Z,114332,111.7,425,18,2016-08-01,2018-01-29,1,
TimeResPM25,DailyEstPM25,ILNZ,TimeResPM25_DailyEstPM25_ILNZ.csv,87cf5a51a7c22e6ee9bf03908a0fdc8f,2026-09-22T07:01:08.000Z,273676,267.3,998,18,2015-02-13,2021-11-19,1,
TimeResPM25,DailyEstPM25,INKA,TimeResPM25_DailyEstPM25_INKA.csv,ec448a4357545736455526902aa63833,2026-09-22T07:01:08.000Z,73110,71.4,263,18,2013-12-16,2019-11-25,1,
TimeResPM25,DailyEstPM25,KRSE,TimeResPM25_DailyEstPM25_KRSE.csv,d01ff4d516da2a32173fcb977571d54a,2026-09-22T07:01:08.000Z,32573,31.8,123,18,2020-10-12,2021-03-16,1,
TimeResPM25,DailyEstPM25,KRUL,TimeResPM25_DailyEstPM25_KRUL.csv,1fee947dcb807fcfb77ac40d3db3d09d,2026-09-22T07:01:08.000Z,80686,78.8,267,18,2021-10-28,2023-01-06,1,
TimeResPM25,DailyEstPM25,MXMC,TimeResPM25_DailyEstPM25_MXMC.csv,af3506b4ca0d5bbba9655e225ed41900,2026-09-22T07:01:08.000Z,170522,166.5,579,18,2021-02-26,2023-05-31,1,
TimeResPM25,DailyEstPM25,NGIL,TimeResPM25_DailyEstPM25_NGIL.csv,1b403fb070e10f9fb14040127e892d35,2026-09-22T07:01:08.000Z,54893,53.6,189,18,2014-06-20,2020-10-13,1,
TimeResPM25,DailyEstPM25,SGSU,TimeResPM25_DailyEstPM25_SGSU.csv,3b65a71a0ed63be05dd034dc4dc22e2f,2026-09-22T07:01:08.000Z,219409,214.3,738,18,2016-04-05,2020-01-28,1,
TimeResPM25,DailyEstPM25,USNO,TimeResPM25_DailyEstPM25_USNO.csv,7ef66d139638ddb2bbc23b134aa412a0,2026-09-22T07:01:08.000Z,46056,45.0,174,18,2023-02-21,2023-09-15,1,
TimeResPM25,DailyEstPM25,VNHN,TimeResPM25_DailyEstPM25_VNHN.csv,d30edf9ae2680fbe859556594de40883,2026-09-22T07:01:08.000Z,31980,31.2,119,18,2015-05-22,2020-06-23,1,
TimeResPM25,DailyEstPM25,ZAPR,TimeResPM25_DailyEstPM25_ZAPR.csv,41918511a4a859efe1b2f4bdd5825d2f,2026-09-22T07:01:08.000Z,128016,125.0,458,18,2015-10-18,2021-12-04,1,
TimeResPM25,HourlyEstPM25,AEAZ,TimeResPM25_HourlyEstPM25_AEAZ.csv,8d2f4cfaf6330bca6c07c9524ca58674,2024-08-09T02:25:59.000Z,3727069,3639.7,12684,18,2019-11-25,2023-10-05,1,
TimeResPM25,HourlyEstPM25,ARCB,TimeResPM25_HourlyEstPM25_ARCB.csv,b4be483ce7baef103be2260e2358235e,2026-09-22T07:01:09.000Z,3284772,3207.8,11417,18,2014-10-02,2017-01-23,1,
TimeResPM25,HourlyEstPM25,AUMN,TimeResPM25_HourlyEstPM25_AUMN.csv,faf72cc9b6ed679e12c74d8adca701f9,2026-09-22T07:01:09.000Z,4485876,4380.7,15052,18,2022-08-09,2024-06-24,1,
TimeResPM25,HourlyEstPM25,BDDU,TimeResPM25_HourlyEstPM25_BDDU.csv,98cd274a61a0568a848da0c65885979a,2026-09-22T07:01:09.000Z,739222,721.9,2753,18,2013-10-24,2015-09-21,1,
TimeResPM25,HourlyEstPM25,CADO,TimeResPM25_HourlyEstPM25_CADO.csv,5572c292fc4cf810a9b082bfd16fa10d,2026-09-22T07:01:09.000Z,4365444,4263.1,14755,18,2017-07-12,2019-09-05,1,
TimeResPM25,HourlyEstPM25,CAHA,TimeResPM25_HourlyEstPM25_CAHA.csv,60f15940ee4483653b489e6953a6b341,2026-09-22T07:01:09.000Z,3666683,3580.7,12671,18,2017-10-26,2022-04-06,1,
TimeResPM25,HourlyEstPM25,CAKE,TimeResPM25_HourlyEstPM25_CAKE.csv,faf7ce94748eae45464c60ec4c7c532c,2026-09-22T07:01:09.000Z,588255,574.5,2103,18,2017-11-10,2019-11-14,1,
TimeResPM25,HourlyEstPM25,CALE,TimeResPM25_HourlyEstPM25_CALE.csv,28217ba8836b125245a5e11167b12df2,2026-09-22T07:01:09.000Z,1937269,1891.9,7055,18,2017-08-30,2019-05-14,1,
TimeResPM25,HourlyEstPM25,CASH,TimeResPM25_HourlyEstPM25_CASH.csv,099c31ac4b6a972f5cdc2edc97c6ab18-2,2026-09-22T07:01:09.000Z,11186421,10924.2,39941,18,2017-06-28,2024-08-12,1,
TimeResPM25,HourlyEstPM25,CHTS,TimeResPM25_HourlyEstPM25_CHTS.csv,bfef01b7d3d12631dc7a965ac701318a-2,2026-09-22T07:01:09.000Z,9999043,9764.7,35518,18,2014-05-28,2022-06-12,1,
TimeResPM25,HourlyEstPM25,IDBD,TimeResPM25_HourlyEstPM25_IDBD.csv,47e91cc1bb9ec556e0771b43d1f16400,2026-09-22T07:01:09.000Z,1371205,1339.1,5133,18,2016-08-01,2018-01-29,1,
TimeResPM25,HourlyEstPM25,ILNZ,TimeResPM25_HourlyEstPM25_ILNZ.csv,8ed9b5b0dc2b4f1f08ed3225009b5f2d,2026-09-22T07:01:09.000Z,5235471,5112.8,19320,18,2015-02-13,2021-11-19,1,
TimeResPM25,HourlyEstPM25,INKA,TimeResPM25_HourlyEstPM25_INKA.csv,691b92f038464ff067f572787db8fa32,2026-09-22T07:01:09.000Z,1131184,1104.7,4051,18,2013-12-16,2019-11-25,1,
TimeResPM25,HourlyEstPM25,KRSE,TimeResPM25_HourlyEstPM25_KRSE.csv,941287f1dc6b2e751364398f1f37f849,2026-09-22T07:01:09.000Z,694754,678.5,2665,18,2020-10-12,2021-03-16,1,
TimeResPM25,HourlyEstPM25,KRUL,TimeResPM25_HourlyEstPM25_KRUL.csv,047f1e9964154b17a6d838c6a4bbf09a,2026-09-22T07:01:09.000Z,1607946,1570.3,5430,18,2021-10-28,2023-01-06,1,
TimeResPM25,HourlyEstPM25,MXMC,TimeResPM25_HourlyEstPM25_MXMC.csv,5ee8d4def527845c5ae3c285e6aab438,2026-09-22T07:01:09.000Z,2568961,2508.8,8727,18,2021-02-26,2023-05-31,1,
TimeResPM25,HourlyEstPM25,NGIL,TimeResPM25_HourlyEstPM25_NGIL.csv,aacc514f1b00eeefd77ceac0524156b4,2026-09-22T07:01:09.000Z,744473,727.0,2562,18,2014-06-20,2020-10-13,1,
TimeResPM25,HourlyEstPM25,SGSU,TimeResPM25_HourlyEstPM25_SGSU.csv,f8897a9f3526e21adf57fc6e9a98bfdf,2026-09-22T07:01:09.000Z,4054907,3959.9,13801,18,2016-04-05,2020-01-28,1,
TimeResPM25,HourlyEstPM25,USNO,TimeResPM25_HourlyEstPM25_USNO.csv,8ed1b32ec4b8444925b6073358391141,2026-09-22T07:01:09.000Z,1004877,981.3,3824,18,2023-02-21,2023-09-15,1,
TimeResPM25,HourlyEstPM25,VNHN,TimeResPM25_HourlyEstPM25_VNHN.csv,469a6ab092699d43b760ad5bb22f3daa,2026-09-22T07:01:09.000Z,394809,385.6,1481,18,2015-05-22,2020-06-23,1,
TimeResPM25,HourlyEstPM25,ZAPR,TimeResPM25_HourlyEstPM25_ZAPR.csv,44ae11918791f70266834e01bbd12afa,2026-09-22T07:01:09.000Z,2218927,2166.9,8103,18,2015-10-18,2021-12-04,1,
