subproduct,parameter,AEAZ,ARCB,AUMN,BDDU,BIBU,CADO,CAHA,CAKE,CALE,CASH,CHTS,CLST,CLTA,ETAD,IDBD,ILHA,ILNZ,INDH,INJA,INKA,KRSE,KRUL,MXMC,NGIL,PHMO,PRFJ,SGSU,TWKA,TWTA,USBO,USMC,USNO,USPA,VNHN,ZAJB,ZAPR,n_sites,total_filters
ChemSpecPM10,Aluminum PM10,17.0,0.0,12.0,9.0,5.0,12.0,29.0,4.0,4.0,15.0,18.0,0.0,0.0,6.0,6.0,4.0,15.0,0.0,0.0,3.0,9.0,20.0,10.0,12.0,0.0,6.0,2.0,3.0,3.0,0.0,0.0,1.0,0.0,6.0,6.0,6.0,27,243.0
ChemSpecPM10,Ammonium Ion PM10,16.0,0.0,11.0,10.0,5.0,12.0,35.0,4.0,0.0,17.0,18.0,0.0,0.0,6.0,6.0,4.0,16.0,0.0,0.0,3.0,10.0,20.0,10.0,11.0,0.0,5.0,2.0,2.0,2.0,0.0,0.0,1.0,0.0,6.0,5.0,4.0,26,241.0
ChemSpecPM10,Antimony PM10,17.0,0.0,12.0,9.0,5.0,12.0,29.0,4.0,4.0,15.0,18.0,0.0,0.0,6.0,6.0,4.0,15.0,0.0,0.0,3.0,9.0,20.0,10.0,12.0,0.0,6.0,2.0,3.0,3.0,0.0,0.0,1.0,0.0,6.0,6.0,6.0,27,243.0
ChemSpecPM10,Arsenic PM10,17.0,0.0,12.0,9.0,5.0,12.0,29.0,4.0,4.0,15.0,18.0,0.0,0.0,6.0,6.0,4.0,15.0,0.0,0.0,3.0,9.0,20.0,10.0,12.0,0.0,6.0,2.0,3.0,3.0,0.0,0.0,1.0,0.0,6.0,6.0,6.0,27,243.0
ChemSpecPM10,BC PM10,17.0,0.0,12.0,9.0,5.0,8.0,24.0,1.0,3.0,14.0,16.0,0.0,0.0,6.0,6.0,4.0,15.0,0.0,0.0,3.0,10.0,20.0,10.0,11.0,0.0,6.0,2.0,3.0,3.0,0.0,0.0,1.0,0.0,6.0,6.0,6.0,27,227.0
ChemSpecPM10,Barium PM10,0.0,0.0,0.0,0.0,0.0,10.0,6.0,4.0,2.0,3.0,3.0,0.0,0.0,0.0,0.0,0.0,1.0,0.0,0.0,0.0,0.0,0.0,0.0,2.0,0.0,0.0,0.0,0.0,0.0,0.0,0.0,0.0,0.0,2.0,0.0,0.0,9,33.0
ChemSpecPM10,Bromide Ion PM10,3.0,0.0,2.0,0.0,0.0,10.0,14.0,4.0,0.0,5.0,5.0,0.0,0.0,0.0,0.0,1.0,3.0,0.0,0.0,0.0,0.0,0.0,0.0,2.0,0.0,0.0,1.0,0.0,0.0,0.0,0.0,0.0,0.0,1.0,0.0,0.0,12,51.0
ChemSpecPM10,Cadmium PM10,17.0,0.0,12.0,9.0,5.0,12.0,29.0,4.0,4.0,15.0,18.0,0.0,0.0,6.0,6.0,4.0,15.0,0.0,0.0,3.0,9.0,20.0,10.0,12.0,0.0,6.0,2.0,3.0,3.0,0.0,0.0,1.0,0.0,6.0,6.0,6.0,27,243.0
ChemSpecPM10,Calcium Ion PM10,16.0,0.0,11.0,10.0,5.0,12.0,34.0,4.0,3.0,17.0,18.0,0.0,0.0,6.0,6.0,4.0,16.0,0.0,0.0,3.0,10.0,17.0,9.0,11.0,0.0,5.0,2.0,2.0,2.0,0.0,0.0,1.0,0.0,6.0,4.0,4.0,27,238.0
ChemSpecPM10,Calcium PM10,17.0,0.0,12.0,9.0,5.0,2.0,23.0,0.0,2.0,12.0,15.0,0.0,0.0,6.0,6.0,4.0,14.0,0.0,0.0,3.0,9.0,20.0,10.0,10.0,0.0,6.0,2.0,3.0,3.0,0.0,0.0,1.0,0.0,4.0,6.0,6.0,26,210.0
ChemSpecPM10,Cerium PM10,17.0,0.0,12.0,9.0,5.0,12.0,29.0,4.0,4.0,15.0,18.0,0.0,0.0,6.0,6.0,4.0,15.0,0.0,0.0,3.0,9.0,20.0,10.0,12.0,0.0,6.0,2.0,3.0,3.0,0.0,0.0,1.0,0.0,6.0,6.0,6.0,27,243.0
ChemSpecPM10,Chlorine PM10,17.0,0.0,12.0,9.0,5.0,2.0,23.0,0.0,2.0,12.0,15.0,0.0,0.0,6.0,6.0,4.0,14.0,0.0,0.0,3.0,9.0,20.0,10.0,10.0,0.0,6.0,2.0,3.0,3.0,0.0,0.0,1.0,0.0,4.0,6.0,6.0,26,210.0
ChemSpecPM10,Chromium PM10,17.0,0.0,12.0,9.0,5.0,12.0,29.0,4.0,4.0,15.0,18.0,0.0,0.0,6.0,6.0,4.0,15.0,0.0,0.0,3.0,9.0,20.0,10.0,12.0,0.0,6.0,2.0,3.0,3.0,0.0,0.0,1.0,0.0,6.0,6.0,6.0,27,243.0
ChemSpecPM10,Cobalt PM10,17.0,0.0,12.0,9.0,5.0,12.0,29.0,4.0,4.0,15.0,18.0,0.0,0.0,6.0,6.0,4.0,15.0,0.0,0.0,3.0,9.0,20.0,10.0,12.0,0.0,6.0,2.0,3.0,3.0,0.0,0.0,1.0,0.0,6.0,6.0,6.0,27,243.0
ChemSpecPM10,Copper PM10,17.0,0.0,12.0,9.0,5.0,12.0,29.0,4.0,4.0,15.0,18.0,0.0,0.0,6.0,6.0,4.0,15.0,0.0,0.0,3.0,9.0,20.0,10.0,12.0,0.0,6.0,2.0,3.0,3.0,0.0,0.0,1.0,0.0,6.0,6.0,6.0,27,243.0
ChemSpecPM10,EC PM10,0.0,0.0,1.0,0.0,0.0,0.0,0.0,0.0,0.0,0.0,2.0,0.0,0.0,1.0,1.0,3.0,6.0,0.0,0.0,0.0,0.0,1.0,0.0,0.0,0.0,0.0,0.0,1.0,1.0,0.0,0.0,0.0,0.0,0.0,2.0,1.0,11,20.0
ChemSpecPM10,Equivalent BC PM10,14.0,0.0,0.0,2.0,0.0,12.0,25.0,4.0,7.0,13.0,14.0,0.0,0.0,0.0,4.0,0.0,10.0,0.0,0.0,3.0,7.0,5.0,4.0,11.0,0.0,4.0,2.0,0.0,0.0,0.0,0.0,0.0,0.0,6.0,0.0,1.0,19,148.0
ChemSpecPM10,Iron PM10,17.0,0.0,12.0,9.0,5.0,12.0,29.0,4.0,4.0,15.0,18.0,0.0,0.0,6.0,6.0,4.0,15.0,0.0,0.0,3.0,9.0,20.0,10.0,12.0,0.0,6.0,2.0,3.0,3.0,0.0,0.0,1.0,0.0,6.0,6.0,6.0,27,243.0
ChemSpecPM10,Lead PM10,17.0,0.0,12.0,9.0,5.0,12.0,29.0,4.0,4.0,15.0,18.0,0.0,0.0,6.0,6.0,4.0,15.0,0.0,0.0,3.0,9.0,20.0,10.0,12.0,0.0,6.0,2.0,3.0,3.0,0.0,0.0,1.0,0.0,6.0,6.0,6.0,27,243.0
ChemSpecPM10,Lithium PM10,0.0,0.0,0.0,0.0,0.0,10.0,6.0,4.0,2.0,3.0,3.0,0.0,0.0,0.0,0.0,0.0,1.0,0.0,0.0,0.0,0.0,0.0,0.0,2.0,0.0,0.0,0.0,0.0,0.0,0.0,0.0,0.0,0.0,2.0,0.0,0.0,9,33.0
ChemSpecPM10,Magnesium Ion PM10,16.0,0.0,11.0,10.0,5.0,12.0,35.0,4.0,3.0,16.0,18.0,0.0,0.0,6.0,6.0,4.0,16.0,0.0,0.0,3.0,9.0,18.0,7.0,11.0,0.0,5.0,2.0,2.0,2.0,0.0,0.0,1.0,0.0,6.0,4.0,4.0,27,236.0
ChemSpecPM10,Magnesium PM10,17.0,0.0,12.0,9.0,5.0,12.0,29.0,4.0,4.0,15.0,18.0,0.0,0.0,6.0,6.0,4.0,15.0,0.0,0.0,3.0,9.0,20.0,10.0,12.0,0.0,6.0,2.0,3.0,3.0,0.0,0.0,1.0,0.0,6.0,6.0,6.0,27,243.0
ChemSpecPM10,Manganese PM10,17.0,0.0,12.0,9.0,5.0,12.0,29.0,4.0,4.0,15.0,18.0,0.0,0.0,6.0,6.0,4.0,15.0,0.0,0.0,3.0,9.0,20.0,10.0,12.0,0.0,6.0,2.0,3.0,3.0,0.0,0.0,1.0,0.0,6.0,6.0,6.0,27,243.0
ChemSpecPM10,Nickel PM10,17.0,0.0,12.0,9.0,5.0,12.0,29.0,4.0,4.0,15.0,18.0,0.0,0.0,6.0,6.0,4.0,15.0,0.0,0.0,3.0,9.0,20.0,10.0,12.0,0.0,6.0,2.0,3.0,3.0,0.0,0.0,1.0,0.0,6.0,6.0,6.0,27,243.0
ChemSpecPM10,Nitrate Ion PM10,16.0,0.0,12.0,10.0,5.0,12.0,34.0,4.0,3.0,17.0,17.0,0.0,0.0,6.0,6.0,4.0,16.0,0.0,0.0,3.0,9.0,20.0,10.0,10.0,0.0,5.0,2.0,3.0,3.0,0.0,0.0,1.0,0.0,5.0,6.0,4.0,27,243.0
ChemSpecPM10,Nitrite Ion PM10,9.0,0.0,11.0,9.0,4.0,11.0,24.0,4.0,0.0,13.0,9.0,0.0,0.0,5.0,2.0,4.0,7.0,0.0,0.0,2.0,8.0,17.0,7.0,8.0,0.0,2.0,2.0,3.0,1.0,0.0,0.0,0.0,0.0,3.0,4.0,2.0,25,171.0
ChemSpecPM10,OC PM10,0.0,0.0,1.0,0.0,0.0,0.0,0.0,0.0,0.0,0.0,2.0,0.0,0.0,1.0,1.0,3.0,6.0,0.0,0.0,0.0,0.0,1.0,0.0,0.0,0.0,0.0,0.0,1.0,1.0,0.0,0.0,0.0,0.0,0.0,2.0,1.0,11,20.0
ChemSpecPM10,OM PM10,0.0,0.0,0.0,0.0,0.0,0.0,0.0,0.0,0.0,0.0,2.0,0.0,0.0,0.0,0.0,1.0,2.0,0.0,0.0,0.0,0.0,0.0,0.0,0.0,0.0,0.0,0.0,1.0,1.0,0.0,0.0,0.0,0.0,0.0,2.0,0.0,6,9.0
ChemSpecPM10,PM10 mass,17.0,0.0,13.0,10.0,5.0,12.0,36.0,4.0,7.0,18.0,18.0,0.0,0.0,6.0,7.0,4.0,16.0,0.0,0.0,3.0,11.0,20.0,11.0,12.0,0.0,7.0,2.0,3.0,4.0,0.0,0.0,2.0,0.0,6.0,6.0,6.0,27,266.0
ChemSpecPM10,Phosphate Ion PM10,4.0,0.0,1.0,0.0,1.0,11.0,14.0,4.0,1.0,6.0,6.0,0.0,0.0,0.0,0.0,1.0,4.0,0.0,0.0,0.0,1.0,1.0,1.0,2.0,0.0,0.0,2.0,0.0,0.0,0.0,0.0,0.0,0.0,3.0,0.0,0.0,17,63.0
ChemSpecPM10,Phosphorus PM10,0.0,0.0,0.0,0.0,0.0,10.0,6.0,4.0,2.0,3.0,3.0,0.0,0.0,0.0,0.0,0.0,1.0,0.0,0.0,0.0,0.0,0.0,0.0,2.0,0.0,0.0,0.0,0.0,0.0,0.0,0.0,0.0,0.0,2.0,0.0,0.0,9,33.0
ChemSpecPM10,Potassium Ion PM10,16.0,0.0,11.0,10.0,5.0,12.0,35.0,4.0,3.0,17.0,18.0,0.0,0.0,6.0,6.0,4.0,16.0,0.0,0.0,3.0,10.0,20.0,10.0,11.0,0.0,5.0,2.0,2.0,2.0,0.0,0.0,1.0,0.0,6.0,5.0,4.0,27,244.0
ChemSpecPM10,Potassium PM10,17.0,0.0,12.0,9.0,5.0,2.0,23.0,0.0,2.0,12.0,15.0,0.0,0.0,6.0,6.0,4.0,14.0,0.0,0.0,3.0,9.0,20.0,10.0,10.0,0.0,6.0,2.0,3.0,3.0,0.0,0.0,1.0,0.0,4.0,6.0,6.0,26,210.0
ChemSpecPM10,Rubidium PM10,17.0,0.0,12.0,9.0,5.0,2.0,23.0,0.0,2.0,12.0,15.0,0.0,0.0,6.0,6.0,4.0,14.0,0.0,0.0,3.0,9.0,20.0,10.0,10.0,0.0,6.0,2.0,3.0,3.0,0.0,0.0,1.0,0.0,4.0,6.0,6.0,26,210.0
ChemSpecPM10,Selenium PM10,17.0,0.0,12.0,9.0,5.0,12.0,29.0,4.0,4.0,15.0,18.0,0.0,0.0,6.0,6.0,4.0,15.0,0.0,0.0,3.0,9.0,20.0,10.0,12.0,0.0,6.0,2.0,3.0,3.0,0.0,0.0,1.0,0.0,6.0,6.0,6.0,27,243.0
ChemSpecPM10,Silicon PM10,17.0,0.0,12.0,9.0,5.0,2.0,23.0,0.0,2.0,12.0,15.0,0.0,0.0,6.0,6.0,4.0,14.0,0.0,0.0,3.0,9.0,20.0,10.0,10.0,0.0,6.0,2.0,3.0,3.0,0.0,0.0,1.0,0.0,4.0,6.0,6.0,26,210.0
ChemSpecPM10,Sodium Ion PM10,16.0,0.0,11.0,10.0,5.0,9.0,32.0,3.0,3.0,17.0,15.0,0.0,0.0,6.0,6.0,4.0,16.0,0.0,0.0,3.0,9.0,20.0,10.0,11.0,0.0,5.0,2.0,2.0,1.0,0.0,0.0,1.0,0.0,5.0,5.0,4.0,27,231.0
ChemSpecPM10,Sodium PM10,17.0,0.0,12.0,9.0,5.0,2.0,23.0,0.0,2.0,12.0,15.0,0.0,0.0,6.0,6.0,4.0,14.0,0.0,0.0,3.0,9.0,20.0,10.0,10.0,0.0,6.0,2.0,3.0,3.0,0.0,0.0,1.0,0.0,4.0,6.0,6.0,26,210.0
ChemSpecPM10,Strontium PM10,17.0,0.0,12.0,9.0,5.0,2.0,23.0,0.0,2.0,12.0,15.0,0.0,0.0,6.0,6.0,4.0,14.0,0.0,0.0,3.0,9.0,20.0,10.0,10.0,0.0,6.0,2.0,3.0,3.0,0.0,0.0,1.0,0.0,4.0,6.0,6.0,26,210.0
ChemSpecPM10,Sulfate Ion PM10,16.0,0.0,11.0,10.0,5.0,12.0,34.0,4.0,3.0,17.0,17.0,0.0,0.0,6.0,6.0,4.0,15.0,0.0,0.0,3.0,9.0,19.0,10.0,10.0,0.0,5.0,2.0,3.0,3.0,0.0,0.0,1.0,0.0,5.0,5.0,4.0,27,239.0
ChemSpecPM10,Sulfur PM10,17.0,0.0,12.0,9.0,5.0,2.0,23.0,0.0,2.0,12.0,15.0,0.0,0.0,6.0,6.0,4.0,14.0,0.0,0.0,3.0,9.0,20.0,10.0,10.0,0.0,6.0,2.0,3.0,3.0,0.0,0.0,1.0,0.0,4.0,6.0,6.0,26,210.0
ChemSpecPM10,Tin PM10,17.0,0.0,12.0,9.0,5.0,2.0,23.0,0.0,2.0,12.0,15.0,0.0,0.0,6.0,6.0,4.0,14.0,0.0,0.0,3.0,9.0,20.0,10.0,10.0,0.0,6.0,2.0,3.0,3.0,0.0,0.0,1.0,0.0,4.0,6.0,6.0,26,210.0
ChemSpecPM10,Titanium PM10,17.0,0.0,12.0,9.0,5.0,12.0,29.0,4.0,4.0,15.0,18.0,0.0,0.0,6.0,6.0,4.0,15.0,0.0,0.0,3.0,9.0,20.0,10.0,12.0,0.0,6.0,2.0,3.0,3.0,0.0,0.0,1.0,0.0,6.0,6.0,6.0,27,243.0
ChemSpecPM10,Vanadium PM10,17.0,0.0,12.0,9.0,5.0,12.0,29.0,4.0,4.0,15.0,18.0,0.0,0.0,6.0,6.0,4.0,15.0,0.0,0.0,3.0,9.0,20.0,10.0,12.0,0.0,6.0,2.0,3.0,3.0,0.0,0.0,1.0,0.0,6.0,6.0,6.0,27,243.0
ChemSpecPM10,Zinc PM10,17.0,0.0,12.0,9.0,5.0,12.0,29.0,4.0,4.0,15.0,18.0,0.0,0.0,6.0,6.0,4.0,15.0,0.0,0.0,3.0,9.0,20.0,10.0,12.0,0.0,6.0,2.0,3.0,3.0,0.0,0.0,1.0,0.0,6.0,6.0,6.0,27,243.0
ChemSpecPM25,Aluminum PM2.5,141.0,43.0,51.0,105.0,37.0,70.0,129.0,18.0,21.0,93.0,351.0,142.0,61.0,232.0,106.0,178.0,276.0,91.0,41.0,39.0,83.0,118.0,53.0,56.0,12.0,55.0,44.0,153.0,245.0,11.0,19.0,23.0,249.0,22.0,206.0,269.0,36,3843.0
ChemSpecPM25,Ammonium Ion PM2.5,147.0,43.0,45.0,111.0,37.0,70.0,173.0,18.0,0.0,105.0,359.0,115.0,41.0,204.0,108.0,178.0,282.0,68.0,27.0,40.0,83.0,118.0,53.0,60.0,12.0,55.0,50.0,146.0,241.0,11.0,0.0,23.0,262.0,22.0,201.0,263.0,34,3771.0
ChemSpecPM25,Antimony PM2.5,141.0,43.0,51.0,105.0,37.0,70.0,129.0,18.0,21.0,93.0,351.0,142.0,61.0,232.0,106.0,178.0,276.0,91.0,41.0,39.0,83.0,118.0,53.0,56.0,12.0,55.0,44.0,153.0,245.0,2.0,0.0,23.0,249.0,22.0,206.0,269.0,35,3815.0
ChemSpecPM25,Arsenic PM2.5,141.0,43.0,51.0,105.0,37.0,70.0,129.0,18.0,21.0,93.0,351.0,142.0,61.0,232.0,106.0,178.0,276.0,91.0,41.0,39.0,83.0,118.0,53.0,56.0,12.0,55.0,44.0,153.0,245.0,11.0,16.0,23.0,249.0,22.0,206.0,269.0,36,3840.0
ChemSpecPM25,BC PM2.5,150.0,35.0,51.0,106.0,37.0,65.0,146.0,12.0,21.0,94.0,311.0,163.0,82.0,232.0,116.0,178.0,279.0,109.0,47.0,38.0,83.0,119.0,53.0,55.0,12.0,55.0,50.0,153.0,247.0,2.0,11.0,23.0,220.0,20.0,208.0,264.0,36,3847.0
ChemSpecPM25,Barium PM2.5,0.0,43.0,0.0,51.0,0.0,58.0,21.0,18.0,8.0,23.0,137.0,0.0,0.0,0.0,62.0,0.0,51.0,0.0,0.0,25.0,0.0,0.0,0.0,15.0,12.0,0.0,31.0,0.0,0.0,11.0,19.0,0.0,0.0,10.0,0.0,5.0,18,600.0
ChemSpecPM25,Bromide Ion PM2.5,7.0,43.0,2.0,43.0,0.0,59.0,84.0,18.0,0.0,35.0,178.0,6.0,1.0,2.0,72.0,4.0,59.0,8.0,0.0,25.0,0.0,3.0,3.0,15.0,12.0,0.0,42.0,1.0,2.0,11.0,0.0,0.0,15.0,6.0,6.0,21.0,29,783.0
ChemSpecPM25,Cadmium PM2.5,141.0,43.0,51.0,105.0,37.0,70.0,129.0,18.0,21.0,93.0,351.0,142.0,61.0,232.0,106.0,178.0,276.0,91.0,41.0,39.0,83.0,118.0,53.0,56.0,12.0,55.0,44.0,153.0,245.0,7.0,19.0,23.0,249.0,22.0,206.0,269.0,36,3839.0
ChemSpecPM25,Calcium Ion PM2.5,146.0,43.0,33.0,108.0,37.0,70.0,159.0,18.0,13.0,104.0,358.0,115.0,41.0,218.0,104.0,169.0,262.0,67.0,27.0,39.0,79.0,102.0,47.0,60.0,12.0,55.0,50.0,146.0,218.0,11.0,0.0,20.0,249.0,22.0,179.0,220.0,35,3601.0
ChemSpecPM25,Calcium PM2.5,141.0,0.0,51.0,54.0,37.0,12.0,108.0,0.0,13.0,70.0,214.0,142.0,61.0,232.0,44.0,178.0,225.0,91.0,41.0,14.0,83.0,118.0,53.0,41.0,0.0,55.0,13.0,153.0,245.0,0.0,0.0,23.0,249.0,12.0,206.0,264.0,31,3243.0
ChemSpecPM25,Cerium PM2.5,141.0,43.0,51.0,105.0,37.0,70.0,129.0,18.0,21.0,93.0,351.0,142.0,61.0,232.0,106.0,178.0,276.0,91.0,41.0,39.0,83.0,118.0,53.0,56.0,12.0,55.0,44.0,153.0,245.0,11.0,18.0,23.0,249.0,22.0,206.0,269.0,36,3842.0
ChemSpecPM25,Chlorine PM2.5,141.0,0.0,51.0,54.0,37.0,12.0,108.0,0.0,13.0,70.0,214.0,142.0,61.0,232.0,44.0,178.0,225.0,91.0,41.0,14.0,83.0,118.0,53.0,41.0,0.0,55.0,13.0,153.0,245.0,0.0,0.0,23.0,249.0,12.0,206.0,264.0,31,3243.0
ChemSpecPM25,Chromium PM2.5,141.0,43.0,51.0,105.0,37.0,70.0,129.0,18.0,21.0,93.0,351.0,142.0,61.0,232.0,106.0,178.0,276.0,91.0,41.0,39.0,83.0,118.0,53.0,56.0,12.0,55.0,44.0,153.0,245.0,11.0,19.0,23.0,249.0,22.0,206.0,269.0,36,3843.0
ChemSpecPM25,Cobalt PM2.5,141.0,38.0,51.0,105.0,37.0,70.0,129.0,18.0,21.0,93.0,345.0,142.0,61.0,232.0,106.0,178.0,276.0,91.0,41.0,39.0,83.0,118.0,53.0,56.0,12.0,55.0,44.0,153.0,245.0,11.0,19.0,23.0,249.0,22.0,206.0,269.0,36,3832.0
ChemSpecPM25,Copper PM2.5,141.0,43.0,51.0,105.0,37.0,70.0,129.0,18.0,21.0,93.0,351.0,142.0,61.0,232.0,106.0,178.0,276.0,91.0,41.0,39.0,83.0,118.0,53.0,56.0,12.0,55.0,44.0,153.0,245.0,11.0,19.0,23.0,249.0,22.0,206.0,269.0,36,3843.0
ChemSpecPM25,EC PM2.5,150.0,0.0,51.0,60.0,37.0,28.0,128.0,0.0,13.0,83.0,206.0,163.0,82.0,232.0,43.0,178.0,227.0,110.0,47.0,15.0,83.0,119.0,53.0,45.0,0.0,55.0,13.0,153.0,247.0,0.0,0.0,23.0,217.0,12.0,208.0,264.0,31,3345.0
ChemSpecPM25,Equivalent BC PM2.5,77.0,43.0,0.0,65.0,0.0,69.0,120.0,18.0,31.0,67.0,187.0,0.0,0.0,0.0,101.0,41.0,145.0,0.0,0.0,40.0,46.0,22.0,23.0,55.0,12.0,14.0,50.0,6.0,54.0,11.0,19.0,0.0,64.0,21.0,5.0,75.0,28,1481.0
ChemSpecPM25,Filter PM2.5 mass,150.0,43.0,63.0,111.0,37.0,70.0,173.0,18.0,31.0,106.0,370.0,163.0,82.0,246.0,122.0,178.0,288.0,110.0,47.0,40.0,89.0,132.0,59.0,67.0,12.0,55.0,50.0,160.0,260.0,11.0,19.0,33.0,264.0,22.0,212.0,269.0,36,4162.0
ChemSpecPM25,Iron PM2.5,141.0,43.0,51.0,105.0,37.0,70.0,129.0,18.0,21.0,93.0,351.0,142.0,61.0,232.0,106.0,178.0,276.0,91.0,41.0,39.0,83.0,118.0,53.0,56.0,12.0,55.0,44.0,153.0,245.0,11.0,19.0,23.0,249.0,22.0,206.0,269.0,36,3843.0
ChemSpecPM25,Lead PM2.5,141.0,43.0,51.0,105.0,37.0,70.0,129.0,18.0,21.0,93.0,351.0,142.0,61.0,232.0,106.0,178.0,276.0,91.0,41.0,39.0,83.0,118.0,53.0,56.0,12.0,55.0,44.0,153.0,245.0,11.0,19.0,23.0,249.0,22.0,206.0,269.0,36,3843.0
ChemSpecPM25,Lithium PM2.5,0.0,43.0,0.0,51.0,0.0,58.0,21.0,18.0,8.0,23.0,137.0,0.0,0.0,0.0,62.0,0.0,51.0,0.0,0.0,25.0,0.0,0.0,0.0,15.0,12.0,0.0,31.0,0.0,0.0,11.0,19.0,0.0,0.0,10.0,0.0,5.0,18,600.0
ChemSpecPM25,Magnesium Ion PM2.5,147.0,43.0,45.0,111.0,37.0,70.0,173.0,18.0,13.0,99.0,359.0,112.0,41.0,205.0,108.0,176.0,275.0,60.0,27.0,37.0,70.0,99.0,46.0,60.0,12.0,55.0,50.0,146.0,234.0,11.0,0.0,23.0,257.0,22.0,193.0,252.0,35,3686.0
ChemSpecPM25,Magnesium PM2.5,141.0,43.0,51.0,105.0,37.0,70.0,129.0,18.0,21.0,93.0,351.0,142.0,61.0,232.0,106.0,178.0,276.0,91.0,41.0,39.0,83.0,118.0,53.0,56.0,12.0,55.0,44.0,153.0,245.0,11.0,19.0,23.0,249.0,22.0,206.0,269.0,36,3843.0
ChemSpecPM25,Manganese PM2.5,141.0,43.0,51.0,105.0,37.0,70.0,129.0,18.0,21.0,93.0,351.0,142.0,61.0,232.0,106.0,178.0,276.0,91.0,41.0,39.0,83.0,118.0,53.0,56.0,12.0,55.0,44.0,153.0,245.0,11.0,19.0,23.0,249.0,22.0,206.0,269.0,36,3843.0
ChemSpecPM25,Nickel PM2.5,141.0,43.0,51.0,105.0,37.0,70.0,129.0,18.0,21.0,93.0,351.0,142.0,61.0,232.0,106.0,178.0,276.0,91.0,41.0,39.0,83.0,118.0,53.0,56.0,12.0,55.0,44.0,153.0,245.0,10.0,19.0,23.0,249.0,22.0,206.0,269.0,36,3842.0
ChemSpecPM25,Nitrate Ion PM2.5,147.0,43.0,57.0,101.0,37.0,70.0,171.0,18.0,13.0,102.0,370.0,142.0,48.0,216.0,110.0,177.0,267.0,93.0,41.0,40.0,71.0,114.0,53.0,52.0,12.0,50.0,50.0,151.0,246.0,11.0,0.0,20.0,262.0,15.0,196.0,264.0,35,3830.0
ChemSpecPM25,Nitrite Ion PM2.5,79.0,43.0,40.0,88.0,14.0,64.0,136.0,18.0,10.0,81.0,292.0,74.0,33.0,186.0,79.0,140.0,211.0,54.0,18.0,32.0,58.0,88.0,41.0,41.0,12.0,31.0,42.0,106.0,183.0,11.0,0.0,20.0,220.0,9.0,144.0,197.0,35,2895.0
ChemSpecPM25,OC PM2.5,150.0,0.0,51.0,60.0,37.0,28.0,128.0,0.0,13.0,83.0,206.0,163.0,82.0,232.0,43.0,178.0,227.0,110.0,47.0,15.0,83.0,119.0,53.0,45.0,0.0,55.0,13.0,153.0,247.0,0.0,0.0,23.0,217.0,12.0,208.0,264.0,31,3345.0
ChemSpecPM25,OM PM2.5,144.0,0.0,41.0,60.0,37.0,28.0,128.0,0.0,13.0,78.0,194.0,159.0,82.0,206.0,42.0,148.0,189.0,103.0,47.0,15.0,83.0,107.0,53.0,45.0,0.0,55.0,13.0,153.0,224.0,0.0,0.0,12.0,217.0,12.0,203.0,258.0,31,3149.0
ChemSpecPM25,Phosphate Ion PM2.5,20.0,43.0,0.0,41.0,0.0,64.0,75.0,18.0,4.0,43.0,193.0,6.0,2.0,24.0,72.0,20.0,107.0,1.0,1.0,25.0,10.0,15.0,13.0,15.0,12.0,1.0,44.0,16.0,6.0,11.0,0.0,1.0,22.0,11.0,57.0,64.0,33,1057.0
ChemSpecPM25,Phosphorus PM2.5,0.0,43.0,0.0,51.0,0.0,58.0,21.0,18.0,8.0,23.0,137.0,0.0,0.0,0.0,62.0,0.0,51.0,0.0,0.0,25.0,0.0,0.0,0.0,15.0,12.0,0.0,31.0,0.0,0.0,11.0,19.0,0.0,0.0,10.0,0.0,5.0,18,600.0
ChemSpecPM25,Potassium Ion PM2.5,147.0,43.0,45.0,111.0,37.0,70.0,173.0,18.0,13.0,104.0,358.0,115.0,41.0,218.0,108.0,177.0,277.0,68.0,27.0,40.0,83.0,118.0,53.0,60.0,12.0,54.0,50.0,145.0,236.0,11.0,0.0,23.0,254.0,22.0,202.0,269.0,35,3782.0
ChemSpecPM25,Potassium PM2.5,141.0,0.0,51.0,54.0,37.0,12.0,108.0,0.0,13.0,70.0,214.0,142.0,61.0,232.0,44.0,178.0,225.0,91.0,41.0,14.0,83.0,118.0,53.0,41.0,0.0,55.0,13.0,153.0,245.0,0.0,0.0,23.0,249.0,12.0,206.0,264.0,31,3243.0
ChemSpecPM25,Rubidium PM2.5,141.0,0.0,51.0,54.0,37.0,12.0,108.0,0.0,13.0,70.0,214.0,142.0,61.0,232.0,44.0,178.0,225.0,91.0,41.0,14.0,83.0,118.0,53.0,41.0,0.0,55.0,13.0,153.0,245.0,0.0,0.0,23.0,249.0,12.0,206.0,264.0,31,3243.0
ChemSpecPM25,Selenium PM2.5,141.0,43.0,51.0,105.0,37.0,70.0,129.0,18.0,21.0,93.0,351.0,142.0,61.0,232.0,106.0,178.0,276.0,91.0,41.0,39.0,83.0,118.0,53.0,56.0,12.0,55.0,44.0,153.0,245.0,11.0,17.0,23.0,249.0,22.0,206.0,269.0,36,3841.0
ChemSpecPM25,Silicon PM2.5,141.0,0.0,51.0,54.0,37.0,12.0,108.0,0.0,13.0,70.0,214.0,142.0,61.0,232.0,44.0,178.0,225.0,91.0,41.0,14.0,83.0,118.0,53.0,41.0,0.0,55.0,13.0,153.0,245.0,0.0,0.0,23.0,249.0,12.0,206.0,264.0,31,3243.0
ChemSpecPM25,Sodium Ion PM2.5,141.0,43.0,45.0,111.0,37.0,54.0,166.0,12.0,13.0,102.0,320.0,115.0,41.0,209.0,108.0,177.0,270.0,65.0,27.0,39.0,78.0,118.0,53.0,60.0,12.0,55.0,50.0,146.0,233.0,11.0,0.0,23.0,256.0,18.0,194.0,261.0,35,3663.0
ChemSpecPM25,Sodium PM2.5,141.0,0.0,51.0,54.0,37.0,12.0,108.0,0.0,13.0,70.0,214.0,142.0,61.0,232.0,44.0,178.0,225.0,91.0,41.0,14.0,83.0,118.0,53.0,41.0,0.0,55.0,13.0,153.0,245.0,0.0,0.0,23.0,249.0,12.0,206.0,264.0,31,3243.0
ChemSpecPM25,Strontium PM2.5,141.0,0.0,51.0,54.0,37.0,12.0,108.0,0.0,13.0,70.0,214.0,142.0,61.0,232.0,44.0,178.0,225.0,91.0,41.0,14.0,83.0,118.0,53.0,41.0,0.0,55.0,13.0,153.0,245.0,0.0,0.0,23.0,249.0,12.0,206.0,264.0,31,3243.0
ChemSpecPM25,Sulfate Ion PM2.5,146.0,43.0,51.0,101.0,37.0,70.0,173.0,18.0,13.0,105.0,370.0,118.0,48.0,216.0,110.0,178.0,275.0,78.0,40.0,40.0,76.0,114.0,52.0,56.0,12.0,50.0,50.0,150.0,247.0,11.0,0.0,20.0,260.0,14.0,200.0,268.0,35,3810.0
ChemSpecPM25,Sulfur PM2.5,141.0,0.0,51.0,54.0,37.0,12.0,108.0,0.0,13.0,70.0,214.0,142.0,61.0,232.0,44.0,178.0,225.0,91.0,41.0,14.0,83.0,118.0,53.0,41.0,0.0,55.0,13.0,153.0,245.0,0.0,0.0,23.0,249.0,12.0,206.0,264.0,31,3243.0
ChemSpecPM25,Tin PM2.5,141.0,0.0,51.0,54.0,37.0,12.0,108.0,0.0,13.0,70.0,214.0,142.0,61.0,232.0,44.0,178.0,225.0,91.0,41.0,14.0,83.0,118.0,53.0,41.0,0.0,55.0,13.0,153.0,245.0,0.0,0.0,23.0,249.0,12.0,206.0,264.0,31,3243.0
ChemSpecPM25,Titanium PM2.5,141.0,43.0,51.0,105.0,37.0,70.0,129.0,18.0,21.0,93.0,351.0,142.0,61.0,232.0,106.0,178.0,276.0,91.0,41.0,39.0,83.0,118.0,53.0,56.0,12.0,55.0,44.0,153.0,245.0,11.0,19.0,23.0,249.0,22.0,206.0,269.0,36,3843.0
ChemSpecPM25,Vanadium PM2.5,141.0,43.0,51.0,105.0,37.0,70.0,129.0,18.0,21.0,93.0,351.0,142.0,61.0,232.0,106.0,178.0,276.0,91.0,41.0,39.0,83.0,118.0,53.0,56.0,12.0,55.0,44.0,153.0,245.0,11.0,19.0,23.0,249.0,22.0,206.0,269.0,36,3843.0
ChemSpecPM25,Zinc PM2.5,141.0,43.0,51.0,105.0,37.0,70.0,129.0,18.0,21.0,93.0,351.0,142.0,61.0,232.0,106.0,178.0,276.0,91.0,41.0,39.0,83.0,118.0,53.0,56.0,12.0,55.0,44.0,153.0,245.0,11.0,19.0,23.0,249.0,22.0,206.0,269.0,36,3843.0
