claim_id,source_table,source_sha256,selector,column,value,calculation
cohort_Addis_Ababa,data/diagnostic/site_results.parquet,cd97a7d3a5ec1302e760193b9a56ff826bdda327cdae7cd7c7e16882f2757752,"{""site"": ""Addis_Ababa""}",diagnostic_n,190,direct selected cell
ratio_Addis_Ababa,data/diagnostic/site_results.parquet,cd97a7d3a5ec1302e760193b9a56ff826bdda327cdae7cd7c7e16882f2757752,"{""site"": ""Addis_Ababa""}",ratio_n,190,direct selected cell
mdl2_Addis_Ababa,data/stability/population_membership_summary.parquet,ecb717cb866688240c2ebb4ede5e8af242815d378a1142cb62a91dbd68b048dc,"{""site"": ""Addis_Ababa"", ""population"": ""mdl_2x"", ""variant"": ""baseline""}",,189,direct n
date_min_Addis_Ababa,data/diagnostic/site_results.parquet,cd97a7d3a5ec1302e760193b9a56ff826bdda327cdae7cd7c7e16882f2757752,"{""site"": ""Addis_Ababa""}",diagnostic_date_min,2022-12-07 00:00:00,direct selected cell
date_max_Addis_Ababa,data/diagnostic/site_results.parquet,cd97a7d3a5ec1302e760193b9a56ff826bdda327cdae7cd7c7e16882f2757752,"{""site"": ""Addis_Ababa""}",diagnostic_date_max,2024-09-21 00:00:00,direct selected cell
cohort_Beijing,data/diagnostic/site_results.parquet,cd97a7d3a5ec1302e760193b9a56ff826bdda327cdae7cd7c7e16882f2757752,"{""site"": ""Beijing""}",diagnostic_n,163,direct selected cell
ratio_Beijing,data/diagnostic/site_results.parquet,cd97a7d3a5ec1302e760193b9a56ff826bdda327cdae7cd7c7e16882f2757752,"{""site"": ""Beijing""}",ratio_n,150,direct selected cell
mdl2_Beijing,data/stability/population_membership_summary.parquet,ecb717cb866688240c2ebb4ede5e8af242815d378a1142cb62a91dbd68b048dc,"{""site"": ""Beijing"", ""population"": ""mdl_2x"", ""variant"": ""baseline""}",,113,direct n
date_min_Beijing,data/diagnostic/site_results.parquet,cd97a7d3a5ec1302e760193b9a56ff826bdda327cdae7cd7c7e16882f2757752,"{""site"": ""Beijing""}",diagnostic_date_min,2022-07-05 00:00:00,direct selected cell
date_max_Beijing,data/diagnostic/site_results.parquet,cd97a7d3a5ec1302e760193b9a56ff826bdda327cdae7cd7c7e16882f2757752,"{""site"": ""Beijing""}",diagnostic_date_max,2024-12-08 00:00:00,direct selected cell
cohort_Delhi,data/diagnostic/site_results.parquet,cd97a7d3a5ec1302e760193b9a56ff826bdda327cdae7cd7c7e16882f2757752,"{""site"": ""Delhi""}",diagnostic_n,62,direct selected cell
ratio_Delhi,data/diagnostic/site_results.parquet,cd97a7d3a5ec1302e760193b9a56ff826bdda327cdae7cd7c7e16882f2757752,"{""site"": ""Delhi""}",ratio_n,56,direct selected cell
mdl2_Delhi,data/stability/population_membership_summary.parquet,ecb717cb866688240c2ebb4ede5e8af242815d378a1142cb62a91dbd68b048dc,"{""site"": ""Delhi"", ""population"": ""mdl_2x"", ""variant"": ""baseline""}",,52,direct n
date_min_Delhi,data/diagnostic/site_results.parquet,cd97a7d3a5ec1302e760193b9a56ff826bdda327cdae7cd7c7e16882f2757752,"{""site"": ""Delhi""}",diagnostic_date_min,2022-07-17 00:00:00,direct selected cell
date_max_Delhi,data/diagnostic/site_results.parquet,cd97a7d3a5ec1302e760193b9a56ff826bdda327cdae7cd7c7e16882f2757752,"{""site"": ""Delhi""}",diagnostic_date_max,2024-06-30 00:00:00,direct selected cell
cohort_JPL,data/diagnostic/site_results.parquet,cd97a7d3a5ec1302e760193b9a56ff826bdda327cdae7cd7c7e16882f2757752,"{""site"": ""JPL""}",diagnostic_n,130,direct selected cell
ratio_JPL,data/diagnostic/site_results.parquet,cd97a7d3a5ec1302e760193b9a56ff826bdda327cdae7cd7c7e16882f2757752,"{""site"": ""JPL""}",ratio_n,84,direct selected cell
mdl2_JPL,data/stability/population_membership_summary.parquet,ecb717cb866688240c2ebb4ede5e8af242815d378a1142cb62a91dbd68b048dc,"{""site"": ""JPL"", ""population"": ""mdl_2x"", ""variant"": ""baseline""}",,7,direct n
date_min_JPL,data/diagnostic/site_results.parquet,cd97a7d3a5ec1302e760193b9a56ff826bdda327cdae7cd7c7e16882f2757752,"{""site"": ""JPL""}",diagnostic_date_min,2022-07-22 00:00:00,direct selected cell
date_max_JPL,data/diagnostic/site_results.parquet,cd97a7d3a5ec1302e760193b9a56ff826bdda327cdae7cd7c7e16882f2757752,"{""site"": ""JPL""}",diagnostic_date_max,2023-11-14 00:00:00,direct selected cell
Addis_Ababa_leave_quarter_out_evaluated_filters,data/proportionality/proportionality_summary.parquet,191447529d8d595291aa2a011fa06e707d2f33d571765970c7a6b2ad6d4577a0,"{""site"": ""Addis_Ababa"", ""population"": ""diagnostic"", ""scheme"": ""leave_quarter_out"", ""weighting"": ""equal_filter""}",evaluated_filters,190,direct selected cell
Addis_Ababa_leave_quarter_out_evaluated_blocks,data/proportionality/proportionality_summary.parquet,191447529d8d595291aa2a011fa06e707d2f33d571765970c7a6b2ad6d4577a0,"{""site"": ""Addis_Ababa"", ""population"": ""diagnostic"", ""scheme"": ""leave_quarter_out"", ""weighting"": ""equal_filter""}",evaluated_blocks,8,direct selected cell
Addis_Ababa_leave_quarter_out_intercept_better_blocks,data/proportionality/proportionality_summary.parquet,191447529d8d595291aa2a011fa06e707d2f33d571765970c7a6b2ad6d4577a0,"{""site"": ""Addis_Ababa"", ""population"": ""diagnostic"", ""scheme"": ""leave_quarter_out"", ""weighting"": ""equal_filter""}",intercept_better_blocks,8,direct selected cell
Addis_Ababa_leave_quarter_out_median_mae,data/proportionality/proportionality_summary.parquet,191447529d8d595291aa2a011fa06e707d2f33d571765970c7a6b2ad6d4577a0,"{""site"": ""Addis_Ababa"", ""population"": ""diagnostic"", ""scheme"": ""leave_quarter_out"", ""weighting"": ""equal_filter""}",median_mae,8.887553851789475,direct selected cell
Addis_Ababa_leave_quarter_out_proportional_mae,data/proportionality/proportionality_summary.parquet,191447529d8d595291aa2a011fa06e707d2f33d571765970c7a6b2ad6d4577a0,"{""site"": ""Addis_Ababa"", ""population"": ""diagnostic"", ""scheme"": ""leave_quarter_out"", ""weighting"": ""equal_filter""}",proportional_mae,11.575796125661451,direct selected cell
Addis_Ababa_leave_quarter_out_ols_mae,data/proportionality/proportionality_summary.parquet,191447529d8d595291aa2a011fa06e707d2f33d571765970c7a6b2ad6d4577a0,"{""site"": ""Addis_Ababa"", ""population"": ""diagnostic"", ""scheme"": ""leave_quarter_out"", ""weighting"": ""equal_filter""}",ols_mae,3.938429208101232,direct selected cell
Addis_Ababa_leave_quarter_out_delta_mae_proportional_minus_ols,data/proportionality/proportionality_summary.parquet,191447529d8d595291aa2a011fa06e707d2f33d571765970c7a6b2ad6d4577a0,"{""site"": ""Addis_Ababa"", ""population"": ""diagnostic"", ""scheme"": ""leave_quarter_out"", ""weighting"": ""equal_filter""}",delta_mae_proportional_minus_ols,7.63736691756022,direct selected cell
Addis_Ababa_leave_quarter_out_ols_mean_signed_error,data/proportionality/proportionality_summary.parquet,191447529d8d595291aa2a011fa06e707d2f33d571765970c7a6b2ad6d4577a0,"{""site"": ""Addis_Ababa"", ""population"": ""diagnostic"", ""scheme"": ""leave_quarter_out"", ""weighting"": ""equal_filter""}",ols_mean_signed_error,0.02469106255333712,direct selected cell
Addis_Ababa_leave_quarter_out_quarter_bias,data/proportionality/proportionality_summary.parquet,191447529d8d595291aa2a011fa06e707d2f33d571765970c7a6b2ad6d4577a0,"{""site"": ""Addis_Ababa"", ""population"": ""diagnostic"", ""scheme"": ""leave_quarter_out"", ""weighting"": ""equal_quarter""}",ols_mean_signed_error,-0.33331099002412823,direct selected cell
Addis_Ababa_later_period_evaluated_filters,data/proportionality/proportionality_summary.parquet,191447529d8d595291aa2a011fa06e707d2f33d571765970c7a6b2ad6d4577a0,"{""site"": ""Addis_Ababa"", ""population"": ""diagnostic"", ""scheme"": ""later_period"", ""weighting"": ""equal_filter""}",evaluated_filters,155,direct selected cell
Addis_Ababa_later_period_evaluated_blocks,data/proportionality/proportionality_summary.parquet,191447529d8d595291aa2a011fa06e707d2f33d571765970c7a6b2ad6d4577a0,"{""site"": ""Addis_Ababa"", ""population"": ""diagnostic"", ""scheme"": ""later_period"", ""weighting"": ""equal_filter""}",evaluated_blocks,6,direct selected cell
Addis_Ababa_later_period_intercept_better_blocks,data/proportionality/proportionality_summary.parquet,191447529d8d595291aa2a011fa06e707d2f33d571765970c7a6b2ad6d4577a0,"{""site"": ""Addis_Ababa"", ""population"": ""diagnostic"", ""scheme"": ""later_period"", ""weighting"": ""equal_filter""}",intercept_better_blocks,6,direct selected cell
Addis_Ababa_later_period_median_mae,data/proportionality/proportionality_summary.parquet,191447529d8d595291aa2a011fa06e707d2f33d571765970c7a6b2ad6d4577a0,"{""site"": ""Addis_Ababa"", ""population"": ""diagnostic"", ""scheme"": ""later_period"", ""weighting"": ""equal_filter""}",median_mae,9.332029524064515,direct selected cell
Addis_Ababa_later_period_proportional_mae,data/proportionality/proportionality_summary.parquet,191447529d8d595291aa2a011fa06e707d2f33d571765970c7a6b2ad6d4577a0,"{""site"": ""Addis_Ababa"", ""population"": ""diagnostic"", ""scheme"": ""later_period"", ""weighting"": ""equal_filter""}",proportional_mae,13.11022277741984,direct selected cell
Addis_Ababa_later_period_ols_mae,data/proportionality/proportionality_summary.parquet,191447529d8d595291aa2a011fa06e707d2f33d571765970c7a6b2ad6d4577a0,"{""site"": ""Addis_Ababa"", ""population"": ""diagnostic"", ""scheme"": ""later_period"", ""weighting"": ""equal_filter""}",ols_mae,4.2744215025234915,direct selected cell
Addis_Ababa_later_period_delta_mae_proportional_minus_ols,data/proportionality/proportionality_summary.parquet,191447529d8d595291aa2a011fa06e707d2f33d571765970c7a6b2ad6d4577a0,"{""site"": ""Addis_Ababa"", ""population"": ""diagnostic"", ""scheme"": ""later_period"", ""weighting"": ""equal_filter""}",delta_mae_proportional_minus_ols,8.83580127489635,direct selected cell
Addis_Ababa_later_period_ols_mean_signed_error,data/proportionality/proportionality_summary.parquet,191447529d8d595291aa2a011fa06e707d2f33d571765970c7a6b2ad6d4577a0,"{""site"": ""Addis_Ababa"", ""population"": ""diagnostic"", ""scheme"": ""later_period"", ""weighting"": ""equal_filter""}",ols_mean_signed_error,2.2564780155427027,direct selected cell
Addis_Ababa_later_period_quarter_bias,data/proportionality/proportionality_summary.parquet,191447529d8d595291aa2a011fa06e707d2f33d571765970c7a6b2ad6d4577a0,"{""site"": ""Addis_Ababa"", ""population"": ""diagnostic"", ""scheme"": ""later_period"", ""weighting"": ""equal_quarter""}",ols_mean_signed_error,2.130116969934257,direct selected cell
Beijing_leave_quarter_out_evaluated_filters,data/proportionality/proportionality_summary.parquet,191447529d8d595291aa2a011fa06e707d2f33d571765970c7a6b2ad6d4577a0,"{""site"": ""Beijing"", ""population"": ""diagnostic"", ""scheme"": ""leave_quarter_out"", ""weighting"": ""equal_filter""}",evaluated_filters,163,direct selected cell
Beijing_leave_quarter_out_evaluated_blocks,data/proportionality/proportionality_summary.parquet,191447529d8d595291aa2a011fa06e707d2f33d571765970c7a6b2ad6d4577a0,"{""site"": ""Beijing"", ""population"": ""diagnostic"", ""scheme"": ""leave_quarter_out"", ""weighting"": ""equal_filter""}",evaluated_blocks,9,direct selected cell
Beijing_leave_quarter_out_intercept_better_blocks,data/proportionality/proportionality_summary.parquet,191447529d8d595291aa2a011fa06e707d2f33d571765970c7a6b2ad6d4577a0,"{""site"": ""Beijing"", ""population"": ""diagnostic"", ""scheme"": ""leave_quarter_out"", ""weighting"": ""equal_filter""}",intercept_better_blocks,5,direct selected cell
Beijing_leave_quarter_out_median_mae,data/proportionality/proportionality_summary.parquet,191447529d8d595291aa2a011fa06e707d2f33d571765970c7a6b2ad6d4577a0,"{""site"": ""Beijing"", ""population"": ""diagnostic"", ""scheme"": ""leave_quarter_out"", ""weighting"": ""equal_filter""}",median_mae,5.63757116691411,direct selected cell
Beijing_leave_quarter_out_proportional_mae,data/proportionality/proportionality_summary.parquet,191447529d8d595291aa2a011fa06e707d2f33d571765970c7a6b2ad6d4577a0,"{""site"": ""Beijing"", ""population"": ""diagnostic"", ""scheme"": ""leave_quarter_out"", ""weighting"": ""equal_filter""}",proportional_mae,3.991864908441511,direct selected cell
Beijing_leave_quarter_out_ols_mae,data/proportionality/proportionality_summary.parquet,191447529d8d595291aa2a011fa06e707d2f33d571765970c7a6b2ad6d4577a0,"{""site"": ""Beijing"", ""population"": ""diagnostic"", ""scheme"": ""leave_quarter_out"", ""weighting"": ""equal_filter""}",ols_mae,3.56305449295314,direct selected cell
Beijing_leave_quarter_out_delta_mae_proportional_minus_ols,data/proportionality/proportionality_summary.parquet,191447529d8d595291aa2a011fa06e707d2f33d571765970c7a6b2ad6d4577a0,"{""site"": ""Beijing"", ""population"": ""diagnostic"", ""scheme"": ""leave_quarter_out"", ""weighting"": ""equal_filter""}",delta_mae_proportional_minus_ols,0.4288104154883712,direct selected cell
Beijing_leave_quarter_out_ols_mean_signed_error,data/proportionality/proportionality_summary.parquet,191447529d8d595291aa2a011fa06e707d2f33d571765970c7a6b2ad6d4577a0,"{""site"": ""Beijing"", ""population"": ""diagnostic"", ""scheme"": ""leave_quarter_out"", ""weighting"": ""equal_filter""}",ols_mean_signed_error,8.776543388235612e-06,direct selected cell
Beijing_leave_quarter_out_quarter_bias,data/proportionality/proportionality_summary.parquet,191447529d8d595291aa2a011fa06e707d2f33d571765970c7a6b2ad6d4577a0,"{""site"": ""Beijing"", ""population"": ""diagnostic"", ""scheme"": ""leave_quarter_out"", ""weighting"": ""equal_quarter""}",ols_mean_signed_error,0.17649510337304747,direct selected cell
Beijing_later_period_evaluated_filters,data/proportionality/proportionality_summary.parquet,191447529d8d595291aa2a011fa06e707d2f33d571765970c7a6b2ad6d4577a0,"{""site"": ""Beijing"", ""population"": ""diagnostic"", ""scheme"": ""later_period"", ""weighting"": ""equal_filter""}",evaluated_filters,132,direct selected cell
Beijing_later_period_evaluated_blocks,data/proportionality/proportionality_summary.parquet,191447529d8d595291aa2a011fa06e707d2f33d571765970c7a6b2ad6d4577a0,"{""site"": ""Beijing"", ""population"": ""diagnostic"", ""scheme"": ""later_period"", ""weighting"": ""equal_filter""}",evaluated_blocks,7,direct selected cell
Beijing_later_period_intercept_better_blocks,data/proportionality/proportionality_summary.parquet,191447529d8d595291aa2a011fa06e707d2f33d571765970c7a6b2ad6d4577a0,"{""site"": ""Beijing"", ""population"": ""diagnostic"", ""scheme"": ""later_period"", ""weighting"": ""equal_filter""}",intercept_better_blocks,4,direct selected cell
Beijing_later_period_median_mae,data/proportionality/proportionality_summary.parquet,191447529d8d595291aa2a011fa06e707d2f33d571765970c7a6b2ad6d4577a0,"{""site"": ""Beijing"", ""population"": ""diagnostic"", ""scheme"": ""later_period"", ""weighting"": ""equal_filter""}",median_mae,5.198384518749999,direct selected cell
Beijing_later_period_proportional_mae,data/proportionality/proportionality_summary.parquet,191447529d8d595291aa2a011fa06e707d2f33d571765970c7a6b2ad6d4577a0,"{""site"": ""Beijing"", ""population"": ""diagnostic"", ""scheme"": ""later_period"", ""weighting"": ""equal_filter""}",proportional_mae,3.580950724298349,direct selected cell
Beijing_later_period_ols_mae,data/proportionality/proportionality_summary.parquet,191447529d8d595291aa2a011fa06e707d2f33d571765970c7a6b2ad6d4577a0,"{""site"": ""Beijing"", ""population"": ""diagnostic"", ""scheme"": ""later_period"", ""weighting"": ""equal_filter""}",ols_mae,3.610006028685654,direct selected cell
Beijing_later_period_delta_mae_proportional_minus_ols,data/proportionality/proportionality_summary.parquet,191447529d8d595291aa2a011fa06e707d2f33d571765970c7a6b2ad6d4577a0,"{""site"": ""Beijing"", ""population"": ""diagnostic"", ""scheme"": ""later_period"", ""weighting"": ""equal_filter""}",delta_mae_proportional_minus_ols,-0.029055304387305192,direct selected cell
Beijing_later_period_ols_mean_signed_error,data/proportionality/proportionality_summary.parquet,191447529d8d595291aa2a011fa06e707d2f33d571765970c7a6b2ad6d4577a0,"{""site"": ""Beijing"", ""population"": ""diagnostic"", ""scheme"": ""later_period"", ""weighting"": ""equal_filter""}",ols_mean_signed_error,0.9673034700718015,direct selected cell
Beijing_later_period_quarter_bias,data/proportionality/proportionality_summary.parquet,191447529d8d595291aa2a011fa06e707d2f33d571765970c7a6b2ad6d4577a0,"{""site"": ""Beijing"", ""population"": ""diagnostic"", ""scheme"": ""later_period"", ""weighting"": ""equal_quarter""}",ols_mean_signed_error,0.6720491389017148,direct selected cell
Delhi_leave_quarter_out_evaluated_filters,data/proportionality/proportionality_summary.parquet,191447529d8d595291aa2a011fa06e707d2f33d571765970c7a6b2ad6d4577a0,"{""site"": ""Delhi"", ""population"": ""diagnostic"", ""scheme"": ""leave_quarter_out"", ""weighting"": ""equal_filter""}",evaluated_filters,62,direct selected cell
Delhi_leave_quarter_out_evaluated_blocks,data/proportionality/proportionality_summary.parquet,191447529d8d595291aa2a011fa06e707d2f33d571765970c7a6b2ad6d4577a0,"{""site"": ""Delhi"", ""population"": ""diagnostic"", ""scheme"": ""leave_quarter_out"", ""weighting"": ""equal_filter""}",evaluated_blocks,5,direct selected cell
Delhi_leave_quarter_out_intercept_better_blocks,data/proportionality/proportionality_summary.parquet,191447529d8d595291aa2a011fa06e707d2f33d571765970c7a6b2ad6d4577a0,"{""site"": ""Delhi"", ""population"": ""diagnostic"", ""scheme"": ""leave_quarter_out"", ""weighting"": ""equal_filter""}",intercept_better_blocks,3,direct selected cell
Delhi_leave_quarter_out_median_mae,data/proportionality/proportionality_summary.parquet,191447529d8d595291aa2a011fa06e707d2f33d571765970c7a6b2ad6d4577a0,"{""site"": ""Delhi"", ""population"": ""diagnostic"", ""scheme"": ""leave_quarter_out"", ""weighting"": ""equal_filter""}",median_mae,28.88950062817742,direct selected cell
Delhi_leave_quarter_out_proportional_mae,data/proportionality/proportionality_summary.parquet,191447529d8d595291aa2a011fa06e707d2f33d571765970c7a6b2ad6d4577a0,"{""site"": ""Delhi"", ""population"": ""diagnostic"", ""scheme"": ""leave_quarter_out"", ""weighting"": ""equal_filter""}",proportional_mae,11.844283736541952,direct selected cell
Delhi_leave_quarter_out_ols_mae,data/proportionality/proportionality_summary.parquet,191447529d8d595291aa2a011fa06e707d2f33d571765970c7a6b2ad6d4577a0,"{""site"": ""Delhi"", ""population"": ""diagnostic"", ""scheme"": ""leave_quarter_out"", ""weighting"": ""equal_filter""}",ols_mae,14.533532348333708,direct selected cell
Delhi_leave_quarter_out_delta_mae_proportional_minus_ols,data/proportionality/proportionality_summary.parquet,191447529d8d595291aa2a011fa06e707d2f33d571765970c7a6b2ad6d4577a0,"{""site"": ""Delhi"", ""population"": ""diagnostic"", ""scheme"": ""leave_quarter_out"", ""weighting"": ""equal_filter""}",delta_mae_proportional_minus_ols,-2.689248611791756,direct selected cell
Delhi_leave_quarter_out_ols_mean_signed_error,data/proportionality/proportionality_summary.parquet,191447529d8d595291aa2a011fa06e707d2f33d571765970c7a6b2ad6d4577a0,"{""site"": ""Delhi"", ""population"": ""diagnostic"", ""scheme"": ""leave_quarter_out"", ""weighting"": ""equal_filter""}",ols_mean_signed_error,-1.7787905312651473,direct selected cell
Delhi_leave_quarter_out_quarter_bias,data/proportionality/proportionality_summary.parquet,191447529d8d595291aa2a011fa06e707d2f33d571765970c7a6b2ad6d4577a0,"{""site"": ""Delhi"", ""population"": ""diagnostic"", ""scheme"": ""leave_quarter_out"", ""weighting"": ""equal_quarter""}",ols_mean_signed_error,2.150791224630532,direct selected cell
Delhi_later_period_evaluated_filters,data/proportionality/proportionality_summary.parquet,191447529d8d595291aa2a011fa06e707d2f33d571765970c7a6b2ad6d4577a0,"{""site"": ""Delhi"", ""population"": ""diagnostic"", ""scheme"": ""later_period"", ""weighting"": ""equal_filter""}",evaluated_filters,38,direct selected cell
Delhi_later_period_evaluated_blocks,data/proportionality/proportionality_summary.parquet,191447529d8d595291aa2a011fa06e707d2f33d571765970c7a6b2ad6d4577a0,"{""site"": ""Delhi"", ""population"": ""diagnostic"", ""scheme"": ""later_period"", ""weighting"": ""equal_filter""}",evaluated_blocks,3,direct selected cell
Delhi_later_period_intercept_better_blocks,data/proportionality/proportionality_summary.parquet,191447529d8d595291aa2a011fa06e707d2f33d571765970c7a6b2ad6d4577a0,"{""site"": ""Delhi"", ""population"": ""diagnostic"", ""scheme"": ""later_period"", ""weighting"": ""equal_filter""}",intercept_better_blocks,2,direct selected cell
Delhi_later_period_median_mae,data/proportionality/proportionality_summary.parquet,191447529d8d595291aa2a011fa06e707d2f33d571765970c7a6b2ad6d4577a0,"{""site"": ""Delhi"", ""population"": ""diagnostic"", ""scheme"": ""later_period"", ""weighting"": ""equal_filter""}",median_mae,31.149934068815785,direct selected cell
Delhi_later_period_proportional_mae,data/proportionality/proportionality_summary.parquet,191447529d8d595291aa2a011fa06e707d2f33d571765970c7a6b2ad6d4577a0,"{""site"": ""Delhi"", ""population"": ""diagnostic"", ""scheme"": ""later_period"", ""weighting"": ""equal_filter""}",proportional_mae,16.81877112506421,direct selected cell
Delhi_later_period_ols_mae,data/proportionality/proportionality_summary.parquet,191447529d8d595291aa2a011fa06e707d2f33d571765970c7a6b2ad6d4577a0,"{""site"": ""Delhi"", ""population"": ""diagnostic"", ""scheme"": ""later_period"", ""weighting"": ""equal_filter""}",ols_mae,15.934420943249956,direct selected cell
Delhi_later_period_delta_mae_proportional_minus_ols,data/proportionality/proportionality_summary.parquet,191447529d8d595291aa2a011fa06e707d2f33d571765970c7a6b2ad6d4577a0,"{""site"": ""Delhi"", ""population"": ""diagnostic"", ""scheme"": ""later_period"", ""weighting"": ""equal_filter""}",delta_mae_proportional_minus_ols,0.8843501818142538,direct selected cell
Delhi_later_period_ols_mean_signed_error,data/proportionality/proportionality_summary.parquet,191447529d8d595291aa2a011fa06e707d2f33d571765970c7a6b2ad6d4577a0,"{""site"": ""Delhi"", ""population"": ""diagnostic"", ""scheme"": ""later_period"", ""weighting"": ""equal_filter""}",ols_mean_signed_error,-15.29833755074531,direct selected cell
Delhi_later_period_quarter_bias,data/proportionality/proportionality_summary.parquet,191447529d8d595291aa2a011fa06e707d2f33d571765970c7a6b2ad6d4577a0,"{""site"": ""Delhi"", ""population"": ""diagnostic"", ""scheme"": ""later_period"", ""weighting"": ""equal_quarter""}",ols_mean_signed_error,-13.625968478524976,direct selected cell
JPL_leave_quarter_out_evaluated_filters,data/proportionality/proportionality_summary.parquet,191447529d8d595291aa2a011fa06e707d2f33d571765970c7a6b2ad6d4577a0,"{""site"": ""JPL"", ""population"": ""diagnostic"", ""scheme"": ""leave_quarter_out"", ""weighting"": ""equal_filter""}",evaluated_filters,130,direct selected cell
JPL_leave_quarter_out_evaluated_blocks,data/proportionality/proportionality_summary.parquet,191447529d8d595291aa2a011fa06e707d2f33d571765970c7a6b2ad6d4577a0,"{""site"": ""JPL"", ""population"": ""diagnostic"", ""scheme"": ""leave_quarter_out"", ""weighting"": ""equal_filter""}",evaluated_blocks,6,direct selected cell
JPL_leave_quarter_out_intercept_better_blocks,data/proportionality/proportionality_summary.parquet,191447529d8d595291aa2a011fa06e707d2f33d571765970c7a6b2ad6d4577a0,"{""site"": ""JPL"", ""population"": ""diagnostic"", ""scheme"": ""leave_quarter_out"", ""weighting"": ""equal_filter""}",intercept_better_blocks,3,direct selected cell
JPL_leave_quarter_out_median_mae,data/proportionality/proportionality_summary.parquet,191447529d8d595291aa2a011fa06e707d2f33d571765970c7a6b2ad6d4577a0,"{""site"": ""JPL"", ""population"": ""diagnostic"", ""scheme"": ""leave_quarter_out"", ""weighting"": ""equal_filter""}",median_mae,1.7444495399153845,direct selected cell
JPL_leave_quarter_out_proportional_mae,data/proportionality/proportionality_summary.parquet,191447529d8d595291aa2a011fa06e707d2f33d571765970c7a6b2ad6d4577a0,"{""site"": ""JPL"", ""population"": ""diagnostic"", ""scheme"": ""leave_quarter_out"", ""weighting"": ""equal_filter""}",proportional_mae,1.285535010012183,direct selected cell
JPL_leave_quarter_out_ols_mae,data/proportionality/proportionality_summary.parquet,191447529d8d595291aa2a011fa06e707d2f33d571765970c7a6b2ad6d4577a0,"{""site"": ""JPL"", ""population"": ""diagnostic"", ""scheme"": ""leave_quarter_out"", ""weighting"": ""equal_filter""}",ols_mae,1.3276719690130887,direct selected cell
JPL_leave_quarter_out_delta_mae_proportional_minus_ols,data/proportionality/proportionality_summary.parquet,191447529d8d595291aa2a011fa06e707d2f33d571765970c7a6b2ad6d4577a0,"{""site"": ""JPL"", ""population"": ""diagnostic"", ""scheme"": ""leave_quarter_out"", ""weighting"": ""equal_filter""}",delta_mae_proportional_minus_ols,-0.04213695900090575,direct selected cell
JPL_leave_quarter_out_ols_mean_signed_error,data/proportionality/proportionality_summary.parquet,191447529d8d595291aa2a011fa06e707d2f33d571765970c7a6b2ad6d4577a0,"{""site"": ""JPL"", ""population"": ""diagnostic"", ""scheme"": ""leave_quarter_out"", ""weighting"": ""equal_filter""}",ols_mean_signed_error,0.04811278469702475,direct selected cell
JPL_leave_quarter_out_quarter_bias,data/proportionality/proportionality_summary.parquet,191447529d8d595291aa2a011fa06e707d2f33d571765970c7a6b2ad6d4577a0,"{""site"": ""JPL"", ""population"": ""diagnostic"", ""scheme"": ""leave_quarter_out"", ""weighting"": ""equal_quarter""}",ols_mean_signed_error,-0.06332932996777162,direct selected cell
JPL_later_period_evaluated_filters,data/proportionality/proportionality_summary.parquet,191447529d8d595291aa2a011fa06e707d2f33d571765970c7a6b2ad6d4577a0,"{""site"": ""JPL"", ""population"": ""diagnostic"", ""scheme"": ""later_period"", ""weighting"": ""equal_filter""}",evaluated_filters,106,direct selected cell
JPL_later_period_evaluated_blocks,data/proportionality/proportionality_summary.parquet,191447529d8d595291aa2a011fa06e707d2f33d571765970c7a6b2ad6d4577a0,"{""site"": ""JPL"", ""population"": ""diagnostic"", ""scheme"": ""later_period"", ""weighting"": ""equal_filter""}",evaluated_blocks,5,direct selected cell
JPL_later_period_intercept_better_blocks,data/proportionality/proportionality_summary.parquet,191447529d8d595291aa2a011fa06e707d2f33d571765970c7a6b2ad6d4577a0,"{""site"": ""JPL"", ""population"": ""diagnostic"", ""scheme"": ""later_period"", ""weighting"": ""equal_filter""}",intercept_better_blocks,3,direct selected cell
JPL_later_period_median_mae,data/proportionality/proportionality_summary.parquet,191447529d8d595291aa2a011fa06e707d2f33d571765970c7a6b2ad6d4577a0,"{""site"": ""JPL"", ""population"": ""diagnostic"", ""scheme"": ""later_period"", ""weighting"": ""equal_filter""}",median_mae,1.8618391632735847,direct selected cell
JPL_later_period_proportional_mae,data/proportionality/proportionality_summary.parquet,191447529d8d595291aa2a011fa06e707d2f33d571765970c7a6b2ad6d4577a0,"{""site"": ""JPL"", ""population"": ""diagnostic"", ""scheme"": ""later_period"", ""weighting"": ""equal_filter""}",proportional_mae,1.2929552397309851,direct selected cell
JPL_later_period_ols_mae,data/proportionality/proportionality_summary.parquet,191447529d8d595291aa2a011fa06e707d2f33d571765970c7a6b2ad6d4577a0,"{""site"": ""JPL"", ""population"": ""diagnostic"", ""scheme"": ""later_period"", ""weighting"": ""equal_filter""}",ols_mae,1.369749166361324,direct selected cell
JPL_later_period_delta_mae_proportional_minus_ols,data/proportionality/proportionality_summary.parquet,191447529d8d595291aa2a011fa06e707d2f33d571765970c7a6b2ad6d4577a0,"{""site"": ""JPL"", ""population"": ""diagnostic"", ""scheme"": ""later_period"", ""weighting"": ""equal_filter""}",delta_mae_proportional_minus_ols,-0.0767939266303388,direct selected cell
JPL_later_period_ols_mean_signed_error,data/proportionality/proportionality_summary.parquet,191447529d8d595291aa2a011fa06e707d2f33d571765970c7a6b2ad6d4577a0,"{""site"": ""JPL"", ""population"": ""diagnostic"", ""scheme"": ""later_period"", ""weighting"": ""equal_filter""}",ols_mean_signed_error,0.23874213371100791,direct selected cell
JPL_later_period_quarter_bias,data/proportionality/proportionality_summary.parquet,191447529d8d595291aa2a011fa06e707d2f33d571765970c7a6b2ad6d4577a0,"{""site"": ""JPL"", ""population"": ""diagnostic"", ""scheme"": ""later_period"", ""weighting"": ""equal_quarter""}",ols_mean_signed_error,0.14299668615703784,direct selected cell
id11_all_earlier_evaluated_filters,data/proportionality/id11_training_summary.parquet,109447ce57e97ff7e1d7bd1125ece22747b5c466b1795fc8a257ee9074331adb,"{""site"": ""Addis_Ababa"", ""population"": ""diagnostic"", ""scheme"": ""later_period"", ""training_choice"": ""all_earlier"", ""weighting"": ""equal_filter""}",evaluated_filters,127,direct selected cell
id11_all_earlier_evaluated_blocks,data/proportionality/id11_training_summary.parquet,109447ce57e97ff7e1d7bd1125ece22747b5c466b1795fc8a257ee9074331adb,"{""site"": ""Addis_Ababa"", ""population"": ""diagnostic"", ""scheme"": ""later_period"", ""training_choice"": ""all_earlier"", ""weighting"": ""equal_filter""}",evaluated_blocks,5,direct selected cell
id11_all_earlier_proportional_mae,data/proportionality/id11_training_summary.parquet,109447ce57e97ff7e1d7bd1125ece22747b5c466b1795fc8a257ee9074331adb,"{""site"": ""Addis_Ababa"", ""population"": ""diagnostic"", ""scheme"": ""later_period"", ""training_choice"": ""all_earlier"", ""weighting"": ""equal_filter""}",proportional_mae,10.833161974556933,direct selected cell
id11_all_earlier_ols_mae,data/proportionality/id11_training_summary.parquet,109447ce57e97ff7e1d7bd1125ece22747b5c466b1795fc8a257ee9074331adb,"{""site"": ""Addis_Ababa"", ""population"": ""diagnostic"", ""scheme"": ""later_period"", ""training_choice"": ""all_earlier"", ""weighting"": ""equal_filter""}",ols_mae,4.009394286148416,direct selected cell
id11_all_earlier_ols_mean_signed_error,data/proportionality/id11_training_summary.parquet,109447ce57e97ff7e1d7bd1125ece22747b5c466b1795fc8a257ee9074331adb,"{""site"": ""Addis_Ababa"", ""population"": ""diagnostic"", ""scheme"": ""later_period"", ""training_choice"": ""all_earlier"", ""weighting"": ""equal_filter""}",ols_mean_signed_error,1.6214152359912024,direct selected cell
id11_id11_earlier_evaluated_filters,data/proportionality/id11_training_summary.parquet,109447ce57e97ff7e1d7bd1125ece22747b5c466b1795fc8a257ee9074331adb,"{""site"": ""Addis_Ababa"", ""population"": ""diagnostic"", ""scheme"": ""later_period"", ""training_choice"": ""id11_earlier"", ""weighting"": ""equal_filter""}",evaluated_filters,127,direct selected cell
id11_id11_earlier_evaluated_blocks,data/proportionality/id11_training_summary.parquet,109447ce57e97ff7e1d7bd1125ece22747b5c466b1795fc8a257ee9074331adb,"{""site"": ""Addis_Ababa"", ""population"": ""diagnostic"", ""scheme"": ""later_period"", ""training_choice"": ""id11_earlier"", ""weighting"": ""equal_filter""}",evaluated_blocks,5,direct selected cell
id11_id11_earlier_proportional_mae,data/proportionality/id11_training_summary.parquet,109447ce57e97ff7e1d7bd1125ece22747b5c466b1795fc8a257ee9074331adb,"{""site"": ""Addis_Ababa"", ""population"": ""diagnostic"", ""scheme"": ""later_period"", ""training_choice"": ""id11_earlier"", ""weighting"": ""equal_filter""}",proportional_mae,9.968099764452628,direct selected cell
id11_id11_earlier_ols_mae,data/proportionality/id11_training_summary.parquet,109447ce57e97ff7e1d7bd1125ece22747b5c466b1795fc8a257ee9074331adb,"{""site"": ""Addis_Ababa"", ""population"": ""diagnostic"", ""scheme"": ""later_period"", ""training_choice"": ""id11_earlier"", ""weighting"": ""equal_filter""}",ols_mae,3.8843652481229842,direct selected cell
id11_id11_earlier_ols_mean_signed_error,data/proportionality/id11_training_summary.parquet,109447ce57e97ff7e1d7bd1125ece22747b5c466b1795fc8a257ee9074331adb,"{""site"": ""Addis_Ababa"", ""population"": ""diagnostic"", ""scheme"": ""later_period"", ""training_choice"": ""id11_earlier"", ""weighting"": ""equal_filter""}",ols_mean_signed_error,0.6193180563720898,direct selected cell
id11_model_form_advantage,data/proportionality/id11_training_summary.parquet,109447ce57e97ff7e1d7bd1125ece22747b5c466b1795fc8a257ee9074331adb,"{""training_choice"": ""id11_earlier"", ""population"": ""diagnostic"", ""weighting"": ""equal_filter""}",,6.083734516329644,proportional_mae - ols_mae
id11_model_form_percent,data/proportionality/id11_training_summary.parquet,109447ce57e97ff7e1d7bd1125ece22747b5c466b1795fc8a257ee9074331adb,"{""training_choice"": ""id11_earlier"", ""population"": ""diagnostic"", ""weighting"": ""equal_filter""}",,61.03203880467699,100*(proportional_mae - ols_mae)/proportional_mae
id11_training_mae_gain_pct,data/proportionality/id11_training_summary.parquet,109447ce57e97ff7e1d7bd1125ece22747b5c466b1795fc8a257ee9074331adb,"{""population"": ""diagnostic"", ""weighting"": ""equal_filter""}",,3.1184021600813936,100*(all_earlier OLS MAE - id11_earlier OLS MAE)/all_earlier OLS MAE
id11_training_bias_change,data/proportionality/id11_training_summary.parquet,109447ce57e97ff7e1d7bd1125ece22747b5c466b1795fc8a257ee9074331adb,"{""population"": ""diagnostic"", ""weighting"": ""equal_filter""}",,1.0020971796191125,all_earlier mean signed error - id11_earlier mean signed error
delhi_final_filter_share,data/proportionality/proportionality_blocks.parquet,14cf40c6211e58c8059dc148326b6190282fbef5968ee030a9bb687170ccd0ac,"{""site"": ""Delhi"", ""scheme"": ""later_period"", ""population"": ""diagnostic""}",,68.42105263157895,100*2024Q2 test_n/sum(supported test_n)
delhi_final_absolute_error_share,data/proportionality/proportionality_blocks.parquet,14cf40c6211e58c8059dc148326b6190282fbef5968ee030a9bb687170ccd0ac,"{""site"": ""Delhi"", ""scheme"": ""later_period"", ""population"": ""diagnostic""}",,76.58539155772267,100*2024Q2(test_n*ols_mae)/sum(supported test_n*ols_mae)
