SampleAnalysisId,MediaId,SiteCode,ExternalFilterId,SamplingStartDate,SampleVolume_m3,EC_bothlots_k3,EC_bothlots_k10,EC_bothlots_k18,EC_bothlots_k25,EC_bothlots_k30,EC_bothlots_k40,EC_recommended_ugm3,EC_lot251only_recommended
369,401,ETAD,ETAD-0017-1,2022-12-07,7.1136,0.6233,2.8318,3.2568,4.6679,4.2819,4.9937,4.2819,3.3337
370,402,ETAD,ETAD-0018-2,2022-12-10,7.1136,1.1054,3.6161,3.3151,4.6752,4.2874,4.8155,4.2874,2.5673
381,403,ETAD,ETAD-0019-3,2022-12-13,7.1136,1.4771,3.8965,3.7679,5.3122,4.9954,5.9966,4.9954,3.4299
382,403,ETAD,ETAD-0019-3,2022-12-13,7.1136,1.4727,3.9012,3.774,5.3596,5.0121,6.01,5.0121,3.4345
383,404,ETAD,ETAD-0020-4,2022-12-16,7.1136,1.462,3.9298,3.4876,5.6114,5.0034,6.1504,5.0034,3.6504
384,405,ETAD,ETAD-0021-5,2022-12-19,7.1136,1.8306,5.7159,5.7469,8.0896,7.5892,8.0771,7.5892,6.1605
385,406,ETAD,ETAD-0022-6,2022-12-22,7.1136,1.6994,5.0281,4.0765,5.3525,5.2225,5.5876,5.2225,3.5956
386,407,ETAD,ETAD-0023-7,,0.0,,,,,,,,
387,408,ETAD,ETAD-0024-8,2022-12-25,6.9264,0.9036,3.1776,2.8231,4.3017,3.9427,4.3536,3.9427,3.2786
406,457,ETAD,ETAD-0037-5,2023-01-09,7.0272,-1.9288,0.0856,0.2554,0.5321,0.7452,0.2147,0.7452,0.5867
674,848,ETAD,ETAD-0041-1,2023-02-10,7.3584,1.3692,3.5083,3.5758,5.1664,4.4236,5.3546,4.4236,3.1574
675,849,ETAD,ETAD-0042-2,2023-02-13,7.3584,1.4699,3.1354,2.7043,3.6717,3.2856,4.2347,3.2856,1.6629
676,850,ETAD,ETAD-0043-3,2023-02-16,7.272,2.3733,4.6179,4.7048,5.8841,5.4952,6.8416,5.4952,3.8249
677,851,ETAD,ETAD-0044-4,2023-02-19,7.3584,1.5582,3.7686,3.3041,4.8647,4.4141,5.4859,4.4141,3.3346
678,852,ETAD,ETAD-0045-5,2023-02-22,7.3584,1.8738,3.9146,3.5383,5.2113,4.7508,5.7323,4.7508,3.3395
679,853,ETAD,ETAD-0046-6,2023-02-25,7.3584,1.1929,2.9864,2.7566,3.8214,3.4942,3.9311,3.4942,2.3225
680,854,ETAD,ETAD-0047-7,,0.0,,,,,,,,
681,855,ETAD,ETAD-0048-8,,,,,,,,,,
682,856,ETAD,ETAD-0049-1,2023-03-04,7.272,1.0853,3.1207,2.6356,3.4803,3.1499,3.7655,3.1499,1.772
683,857,ETAD,ETAD-0050-2,2023-03-07,7.272,1.6205,3.9225,3.1704,4.5308,3.9727,4.8176,3.9727,2.265
684,858,ETAD,ETAD-0051-3,2023-03-10,7.272,1.236,6.3931,6.7221,7.8681,7.1925,7.0477,7.1925,6.1591
685,859,ETAD,ETAD-0052-4,2023-03-13,7.272,1.236,5.5393,6.116,8.2872,8.1503,8.3684,8.1503,6.983
686,860,ETAD,ETAD-0053-5,2023-03-16,7.3584,1.1377,4.0135,4.6776,6.1408,5.7028,5.9589,5.7028,4.6615
687,861,ETAD,ETAD-0054-6,2023-03-19,7.3584,1.4874,5.4273,6.3629,7.703,7.5768,7.7474,7.5768,6.3537
688,862,ETAD,ETAD-0055-7,,0.0,,,,,,,,
689,863,ETAD,ETAD-0056-8,2023-03-22,7.272,1.1613,3.5685,3.2888,4.7953,4.6737,4.8642,4.6737,3.4373
860,1011,ETAD,ETAD-0057-1,2023-03-29,7.272,1.1467,4.8639,6.5793,8.339,8.0268,7.9054,8.0268,8.0521
861,1012,ETAD,ETAD-0058-2,2023-04-01,7.272,0.3032,2.7292,3.488,4.788,4.3541,4.3122,4.3541,4.386
862,1013,ETAD,ETAD-0059-3,2023-04-04,7.272,0.2478,2.1768,3.4543,4.5761,3.9228,3.9393,3.9228,3.8856
863,1014,ETAD,ETAD-0060-4,2023-04-07,7.272,0.6373,2.2914,2.8073,3.9156,3.166,3.2942,3.166,3.0821
864,1015,ETAD,ETAD-0061-5,2023-04-10,7.272,0.5975,2.1235,2.81,4.0237,3.2761,3.2146,3.2761,3.1301
865,1016,ETAD,ETAD-0062-6,2023-04-13,7.272,1.3666,2.4635,3.1282,4.3421,3.5778,3.4154,3.5778,3.3713
866,1017,ETAD,ETAD-0063-7,,0.0,,,,,,,,
867,1018,ETAD,ETAD-0064-8,2023-04-16,7.272,0.2805,1.4528,1.6556,2.3817,1.8281,2.1778,1.8281,1.7441
868,1019,ETAD,ETAD-0065-1,2023-04-21,7.272,1.4146,3.5691,4.4058,5.7442,5.2962,4.9301,5.2962,5.2445
869,1020,ETAD,ETAD-0066-2,2023-04-24,7.272,0.3605,2.8094,3.9556,5.2117,4.6512,4.6095,4.6512,4.7586
897,1021,ETAD,ETAD-0067-3,2023-04-27,7.272,0.9206,7.4736,10.7566,12.9619,12.6919,12.0804,12.6919,12.9869
898,1022,ETAD,ETAD-0068-4,2023-04-30,7.272,1.0853,5.4941,6.6228,9.7189,10.199,10.437,10.199,10.3889
899,1023,ETAD,ETAD-0069-5,2023-05-03,7.272,0.8117,4.5011,4.4225,9.1044,9.8303,10.1883,9.8303,10.1283
900,1024,ETAD,ETAD-0070-6,2023-05-06,7.272,1.6184,7.7528,7.7039,14.4805,16.508,17.3071,16.508,16.9973
914,1023,ETAD,ETAD-0069-5,2023-05-03,7.272,0.6753,4.4155,6.3562,8.0555,7.2794,7.0644,7.2794,7.462
915,1024,ETAD,ETAD-0070-6,2023-05-06,7.272,1.2561,7.7708,10.4066,12.7769,12.4654,12.3101,12.4654,12.8417
916,1025,ETAD,ETAD-0071-7,,0.0,,,,,,,,
917,1026,ETAD,ETAD-0072-8,2023-05-09,7.1064,1.5743,7.5569,9.5854,10.9865,10.5614,10.8006,10.5614,10.6622
929,1019,ETAD,ETAD-0065-1,2023-04-21,7.272,1.0848,3.1448,4.2481,5.4245,4.9243,4.4654,4.9243,4.9413
930,1021,ETAD,ETAD-0067-3,2023-04-27,7.272,0.8572,7.4202,10.4356,12.8136,12.3115,11.542,12.3115,12.5858
931,1022,ETAD,ETAD-0068-4,2023-04-30,7.272,0.9302,5.47,7.2865,9.0101,8.549,8.3991,8.549,8.6204
932,1024,ETAD,ETAD-0070-6,2023-05-06,7.272,1.5724,7.6901,10.1206,12.9677,12.5107,12.1342,12.5107,12.7623
933,1026,ETAD,ETAD-0072-8,2023-05-09,7.1064,1.4137,7.0511,9.2263,10.5837,10.2257,10.3386,10.2257,10.3446
1006,1461,ETAD,ETAD-0073-1,2023-05-17,7.272,1.2087,7.8388,10.5024,12.3177,12.2175,11.9649,12.2175,12.6768
1007,1462,ETAD,ETAD-0074-2,2023-05-20,7.272,1.2059,5.128,7.4653,8.4819,8.496,8.1659,8.496,8.6068
1008,1463,ETAD,ETAD-0075-3,2023-05-23,7.272,0.2606,3.8105,5.9211,6.9857,6.6763,6.6819,6.6763,7.089
1009,1464,ETAD,ETAD-0076-4,2023-05-26,7.272,0.5693,2.9178,4.6176,5.6863,5.3856,5.4897,5.3856,5.604
1010,1465,ETAD,ETAD-0077-5,2023-05-29,7.272,0.7895,3.8243,5.647,6.6836,6.4883,6.4734,6.4883,6.8269
1011,1466,ETAD,ETAD-0078-6,2023-06-01,7.272,0.0182,2.8198,4.3177,5.2899,4.9593,5.0679,4.9593,5.3152
1012,1467,ETAD,ETAD-0079-7,,0.0,,,,,,,,
1013,1468,ETAD,ETAD-0080-8,2023-06-04,7.1064,0.9041,2.7632,3.6009,4.6576,4.29,4.7135,4.29,4.6374
1014,1469,ETAD,ETAD-0081-1,2023-06-07,7.2,2.0463,9.0724,12.9677,14.8633,14.6122,13.8518,14.6122,14.9057
1015,1470,ETAD,ETAD-0082-2,2023-06-10,7.2,1.6277,5.904,8.2815,9.1419,9.2208,8.3791,9.2208,9.2197
1016,1471,ETAD,ETAD-0083-3,2023-06-13,7.2,1.9257,5.3809,6.7492,7.553,7.8273,6.3574,7.8273,7.5821
1017,1472,ETAD,ETAD-0084-4,2023-06-16,7.2,1.6812,4.8554,7.0957,7.7062,7.7712,6.9442,7.7712,7.7571
1018,1473,ETAD,ETAD-0085-5,2023-06-19,7.2,2.0043,8.5676,11.6903,12.9167,12.4732,12.1938,12.4732,12.7757
1019,1474,ETAD,ETAD-0086-6,2023-06-22,7.2,1.6148,5.9186,8.7042,9.5213,9.3416,9.2211,9.3416,9.712
1020,1475,ETAD,ETAD-0087-7,,0.0,,,,,,,,
1021,1476,ETAD,ETAD-0088-8,2023-06-25,7.2,1.185,6.0028,7.6982,8.6632,8.8971,7.417,8.8971,8.8918
1045,1469,ETAD,ETAD-0081-1,2023-06-07,7.2,1.9679,8.7811,12.4623,14.4422,14.2501,13.2907,14.2501,14.6176
1046,1470,ETAD,ETAD-0082-2,2023-06-10,7.2,1.6192,5.7238,7.9633,8.9297,8.9665,8.01,8.9665,9.0069
1047,1471,ETAD,ETAD-0083-3,2023-06-13,7.2,1.9173,5.3797,6.7175,7.68,8.0343,6.4005,8.0343,7.8414
1048,1472,ETAD,ETAD-0084-4,2023-06-16,7.2,1.6356,4.8435,6.8345,7.8125,7.79,6.7187,7.79,7.7992
1049,1473,ETAD,ETAD-0085-5,2023-06-19,7.2,1.8295,8.1829,11.4302,12.7855,12.289,11.9302,12.289,12.6675
1050,1474,ETAD,ETAD-0086-6,2023-06-22,7.2,1.6914,6.2272,8.7088,9.797,9.5888,9.0996,9.5888,10.0035
1051,1475,ETAD,ETAD-0087-7,,0.0,,,,,,,,
1052,1476,ETAD,ETAD-0088-8,2023-06-25,7.2,1.0732,5.7024,7.617,8.6682,8.8596,7.1524,8.8596,8.8894
1156,1670,ETAD,ETAD-0089-1,2023-06-28,7.272,0.9586,4.1043,5.676,6.9562,6.7292,6.3118,6.7292,6.7962
1157,1671,ETAD,ETAD-0090-2,2023-07-01,7.1928,2.1358,7.925,10.7826,12.3739,12.1702,12.0437,12.1702,12.4776
1175,1672,ETAD,ETAD-0091-3,2023-07-04,7.272,0.684,3.1405,4.29,5.5801,5.3284,5.427,5.3284,5.7483
1177,1673,ETAD,ETAD-0092-4,2023-07-07,7.272,1.3036,6.429,9.0224,10.5545,10.062,9.8912,10.062,10.4949
1179,1674,ETAD,ETAD-0093-5,2023-07-10,7.272,1.7258,7.1437,9.2027,11.2294,11.1769,10.7663,11.1769,11.4243
1180,1675,ETAD,ETAD-0094-6,2023-07-13,7.272,1.0386,7.8241,10.6449,12.37,11.9418,11.4678,11.9418,12.3237
1226,1676,ETAD,ETAD-0095-7,,0.0,,,,,,,,
1227,1677,ETAD,ETAD-0096-8,2023-07-16,7.1064,1.2713,4.9597,6.4489,8.3535,7.9704,7.7689,7.9704,8.1581
1228,1678,ETAD,ETAD-0097-1,2023-07-21,7.056,1.5676,4.6564,6.1328,7.7962,7.3775,6.8626,7.3775,7.3053
1229,1679,ETAD,ETAD-0098-2,2023-07-24,7.056,2.0071,7.8796,10.5992,12.453,12.0476,10.7434,12.0476,12.0458
1230,1680,ETAD,ETAD-0099-3,2023-07-27,7.056,1.325,6.4235,8.2424,10.2462,9.7172,8.6848,9.7172,9.7563
1231,1681,ETAD,ETAD-0100-4,2023-07-30,7.056,0.8025,5.8058,8.1327,9.7041,9.4383,8.13,9.4383,9.4486
1232,1682,ETAD,ETAD-0101-5,2023-08-02,7.056,1.0874,5.8064,7.8757,9.2316,8.5887,7.4145,8.5887,8.6915
1233,1683,ETAD,ETAD-0102-6,2023-08-05,7.056,0.9872,4.0929,5.7386,7.0556,6.8992,6.0314,6.8992,6.7638
1234,1684,ETAD,ETAD-0103-7,,0.0,,,,,,,,
1235,1685,ETAD,ETAD-0104-8,2023-08-08,6.912,0.915,7.1957,9.731,11.7541,11.1295,10.0637,11.1295,11.3771
1355,1944,ETAD,ETAD-0113-1,2023-09-06,7.272,1.76,6.7406,8.9556,10.293,9.8822,9.5764,9.8822,10.2216
1356,1944,ETAD,ETAD-0113-1,2023-09-06,7.272,1.9154,6.8504,8.8144,10.2157,9.7927,9.4763,9.7927,10.121
1357,1945,ETAD,ETAD-0114-2,2023-09-09,7.1928,2.1781,9.508,12.8194,14.3419,13.8731,13.3409,13.8731,14.1181
1358,1946,ETAD,ETAD-0115-3,2023-09-12,7.3584,0.7745,3.2023,4.3753,4.8747,4.843,4.5772,4.843,4.8616
1359,1947,ETAD,ETAD-0116-4,2023-09-15,7.3584,1.8461,6.2359,8.0399,9.4156,8.8975,8.2572,8.8975,8.8789
1360,1948,ETAD,ETAD-0117-5,2023-09-18,7.3584,0.969,4.4788,5.4331,6.7425,6.1384,5.6622,6.1384,6.1705
1361,1949,ETAD,ETAD-0118-6,2023-09-21,7.272,1.421,4.9943,6.5567,8.2236,7.7073,6.3277,7.7073,7.6147
1362,1950,ETAD,ETAD-0119-7,,0.0,,,,,,,,
1363,1951,ETAD,ETAD-0120-8,2023-09-24,7.272,1.1237,4.1821,5.1732,6.4931,5.9923,5.6851,5.9923,6.0184
1364,1952,ETAD,ETAD-0121-1,2023-09-27,7.1928,1.9312,5.9354,6.0693,6.7885,7.0741,6.4345,7.0741,7.1481
1365,1953,ETAD,ETAD-0122-2,,,,,,,,,,
1366,1954,ETAD,ETAD-0123-3,,,,,,,,,,
1367,1955,ETAD,ETAD-0124-4,,,,,,,,,,
1368,1956,ETAD,ETAD-0125-5,,,,,,,,,,
1369,1957,ETAD,ETAD-0126-6,,,,,,,,,,
1370,1958,ETAD,ETAD-0127-7,,0.0,,,,,,,,
1371,1959,ETAD,ETAD-0128-8,2023-10-15,7.1064,0.9784,1.4332,2.3979,3.5913,2.9965,3.4912,2.9965,2.9964
1372,1960,ETAD,ETAD-0129-1,2023-10-18,7.272,0.8607,2.8989,3.5009,5.2601,4.7055,5.5341,4.7055,5.0321
1373,1961,ETAD,ETAD-0130-2,2023-10-21,7.272,0.3236,2.2499,3.2621,4.4517,4.0763,4.7764,4.0763,4.3069
1374,1962,ETAD,ETAD-0131-3,2023-10-24,7.272,1.0494,3.2795,4.2872,5.7585,5.1075,5.4606,5.1075,5.4739
1375,1963,ETAD,ETAD-0132-4,2023-10-27,7.272,0.2031,1.7924,2.3618,3.2621,2.9335,3.19,2.9335,2.9939
1376,1964,ETAD,ETAD-0133-5,2023-10-30,7.3584,0.5384,3.1225,4.0263,5.1459,4.7526,4.966,4.7526,5.0545
1377,1965,ETAD,ETAD-0134-6,2023-11-02,7.272,0.9696,2.7405,3.364,5.0928,4.6259,5.2427,4.6259,4.8525
1378,1966,ETAD,ETAD-0135-7,,0.0,,,,,,,,
1379,1967,ETAD,ETAD-0136-8,2023-11-05,7.272,1.4469,2.9985,3.0191,4.3487,3.7862,4.0674,3.7862,3.859
1423,1936,ETAD,ETAD-0105-1,2023-08-16,7.1928,1.2868,6.7847,8.7227,10.2006,10.1449,9.4611,10.1449,10.3883
1424,1937,ETAD,ETAD-0106-2,2023-08-19,7.1928,1.7834,6.2265,7.8989,8.2374,8.975,8.4656,8.975,9.1659
1425,1938,ETAD,ETAD-0107-3,2023-08-22,7.1208,1.8416,7.3484,9.4453,10.5347,10.8393,10.2028,10.8393,11.1717
1426,1939,ETAD,ETAD-0108-4,2023-08-25,7.1928,1.2719,5.3933,7.5386,8.0764,8.0944,7.4996,8.0944,8.2784
1427,1940,ETAD,ETAD-0109-5,2023-08-28,7.1928,1.3913,5.8865,8.0869,8.7359,8.5081,8.2952,8.5081,8.8938
1428,1941,ETAD,ETAD-0110-6,2023-08-31,7.1928,1.6325,6.4099,8.3773,9.3713,9.1001,8.5694,9.1001,9.2786
1429,1942,ETAD,ETAD-0111-7,,0.0,,,,,,,,
1430,1943,ETAD,ETAD-0112-8,2023-09-03,7.1208,1.159,2.361,2.9094,3.4828,3.4307,3.1381,3.4307,3.4403
1624,2353,ETAD,ETAD-0137-1,2023-11-08,7.272,0.8481,1.9951,2.594,3.7892,3.1132,3.7753,3.1132,3.2698
1625,2354,ETAD,ETAD-0138-2,2023-11-11,7.272,0.7951,2.1162,3.2022,4.6905,4.0907,4.3109,4.0907,4.0642
1626,2355,ETAD,ETAD-0139-3,2023-11-14,7.272,-1.7783,0.3927,0.6535,1.1463,1.4699,1.1223,1.4699,1.3647
1668,2355,ETAD,ETAD-0139-3,2023-11-14,7.272,1.4049,3.3571,4.2742,5.7638,5.2913,5.4663,5.2913,5.2951
1669,2356,ETAD,ETAD-0140-4,2023-11-17,7.272,1.3611,3.4426,3.9615,5.722,5.0224,5.0132,5.0224,5.1033
1670,2357,ETAD,ETAD-0141-5,2023-11-20,7.272,0.926,2.8319,3.9831,5.0573,4.6071,4.7184,4.6071,4.615
1671,2358,ETAD,ETAD-0142-6,2023-11-23,7.272,0.6783,2.1909,2.461,3.5793,3.0648,3.4591,3.0648,3.2013
1672,2359,ETAD,ETAD-0143-7,,0.0,,,,,,,,
1673,2360,ETAD,ETAD-0144-8,2023-11-26,7.272,1.2556,2.0281,2.4509,3.5563,2.8326,3.7845,2.8326,3.083
1674,2361,ETAD,ETAD-0145-1,2023-11-29,7.272,1.1506,3.1408,3.2557,4.6713,3.8351,4.0057,3.8351,3.9268
1675,2362,ETAD,ETAD-0146-2,2023-12-02,7.1928,1.454,2.3844,2.5261,4.5054,3.7361,4.4008,3.7361,3.9435
1676,2363,ETAD,ETAD-0147-3,2023-12-05,7.272,0.7423,2.8274,3.6376,4.9527,4.3623,4.9725,4.3623,4.5855
1677,2364,ETAD,ETAD-0148-4,2023-12-08,7.272,0.7548,3.4073,4.4279,5.496,5.0652,4.7959,5.0652,5.12
1678,2365,ETAD,ETAD-0149-5,2023-12-11,7.1928,0.9222,1.9242,2.8801,3.8808,3.4775,4.1389,3.4775,3.578
1679,2366,ETAD,ETAD-0150-6,2023-12-14,7.1928,1.0749,3.0317,3.7278,5.1677,4.6069,5.1362,4.6069,4.7674
1680,2367,ETAD,ETAD-0151-7,,0.0,,,,,,,,
1681,2368,ETAD,ETAD-0152-8,2023-12-17,7.272,1.5051,2.9834,3.3851,4.6161,4.2452,4.9072,4.2452,4.3374
1990,2737,ETAD,ETAD-0153-1,2023-12-20,7.272,0.6967,2.189,2.8899,4.1465,3.1862,3.9215,3.1862,3.4272
1991,2738,ETAD,ETAD-0154-2,2023-12-23,7.272,1.257,2.5715,2.9258,4.2655,3.3728,3.7483,3.3728,3.4188
1992,2739,ETAD,ETAD-0155-3,2023-12-26,7.272,0.7437,2.717,3.4451,4.7615,3.94,4.6323,3.94,4.0013
1993,2740,ETAD,ETAD-0156-4,2023-12-29,7.272,0.7121,2.1014,2.7377,4.1476,3.3092,3.4154,3.3092,3.1772
1994,2741,ETAD,ETAD-0157-5,2024-01-01,7.272,1.1588,3.548,4.1809,6.0754,5.0586,5.1292,5.0586,5.0171
1995,2742,ETAD,ETAD-0158-6,2024-01-04,7.272,1.0915,4.0209,5.0181,6.5512,5.8279,5.7594,5.8279,5.8328
1996,2743,ETAD,ETAD-0159-7,,0.0,,,,,,,,
1997,2744,ETAD,ETAD-0160-8,2024-01-07,7.272,1.1095,2.7634,3.1164,4.626,3.6468,4.0772,3.6468,3.6081
1998,2745,ETAD,ETAD-0161-1,2024-01-10,7.272,1.2238,5.0909,6.0636,7.693,7.1062,6.5162,7.1062,7.064
1999,2746,ETAD,ETAD-0162-2,2024-01-13,7.272,1.7326,3.3606,3.6672,4.7695,3.949,4.2509,3.949,3.744
2000,2747,ETAD,ETAD-0163-3,2024-01-16,6.9084,1.0998,3.5275,4.0842,5.9362,4.9383,4.8741,4.9383,4.7236
2001,2748,ETAD,ETAD-0164-4,2024-01-19,7.3584,1.1072,1.9437,1.6453,2.561,1.8173,2.0264,1.8173,1.6535
2002,2749,ETAD,ETAD-0165-5,2024-01-22,7.3584,1.3332,3.6072,3.7732,5.5994,4.5901,4.8266,4.5901,4.5532
2003,2750,ETAD,ETAD-0166-6,2024-01-25,7.3584,1.5427,4.5252,5.4024,7.7294,6.9145,6.9841,6.9145,6.6886
2004,2751,ETAD,ETAD-0167-7,,0.0,,,,,,,,
2005,2752,ETAD,ETAD-0168-8,2024-01-28,7.3584,0.5428,1.6446,2.1485,3.3515,2.6404,2.9066,2.6404,2.6381
2006,2753,ETAD,ETAD-0169-1,2024-01-31,7.1928,0.6025,2.0627,2.7939,4.0979,3.3632,3.485,3.3632,3.2642
2007,2754,ETAD,ETAD-0170-2,2024-02-03,7.272,0.5028,1.9914,2.6655,4.1415,3.2287,3.3322,3.2287,3.1865
2008,2755,ETAD,ETAD-0171-3,2024-02-06,7.1928,0.9569,1.9403,2.276,3.687,2.7196,3.3,2.7196,2.6416
2009,2756,ETAD,ETAD-0172-4,2024-02-09,7.272,0.6252,3.4914,4.5562,5.5935,5.0329,5.1995,5.0329,5.2158
2010,2757,ETAD,ETAD-0173-5,2024-02-12,7.272,0.8706,2.976,3.8338,5.1651,4.3999,4.3538,4.3999,4.436
2011,2758,ETAD,ETAD-0174-6,2024-02-15,7.272,0.8903,3.7609,5.1865,6.7502,6.0435,6.1049,6.0435,6.0088
2012,2759,ETAD,ETAD-0175-7,,0.0,,,,,,,,
2013,2760,ETAD,ETAD-0176-8,2024-02-18,7.272,1.8244,3.2922,4.2574,5.7071,4.7983,4.8345,4.7983,4.6963
2014,2761,ETAD,ETAD-0177-1,2024-02-21,7.1928,1.3447,2.1262,2.6312,4.2507,3.4017,4.2342,3.4017,3.3602
2015,2762,ETAD,ETAD-0178-2,2024-02-24,7.1928,1.0427,2.4494,3.1956,4.5604,3.4971,4.0357,3.4971,3.246
2016,2763,ETAD,ETAD-0179-3,2024-02-27,7.1928,1.4339,1.7815,2.4259,3.5821,2.115,3.2584,2.115,2.0411
2017,2764,ETAD,ETAD-0180-4,2024-03-01,7.272,1.2375,2.6179,3.2118,4.6462,4.0031,4.3773,4.0031,4.0429
2018,2765,ETAD,ETAD-0181-5,2024-03-04,7.272,1.011,4.1636,5.1939,6.8768,6.0596,5.4269,6.0596,6.0396
2019,2766,ETAD,ETAD-0182-6,2024-03-07,7.1928,1.1056,3.3213,4.7003,6.4438,5.3719,5.6355,5.3719,5.4007
2020,2767,ETAD,ETAD-0183-7,,0.0,,,,,,,,
2021,2767,ETAD,ETAD-0183-7,,0.0,,,,,,,,
2022,2768,ETAD,ETAD-0184-8,2024-03-10,7.272,0.8854,2.5083,3.4866,4.6577,4.4634,4.7856,4.4634,4.5551
2048,2777,ETAD,ETAD-0185-1,2024-03-13,7.1928,0.9352,2.3791,3.0595,4.5174,3.5525,3.8719,3.5525,3.2643
2049,2778,ETAD,ETAD-0186-2,2024-03-16,7.1928,0.9581,1.5275,2.1656,3.6886,2.2978,2.6088,2.2978,2.1188
2050,2779,ETAD,ETAD-0187-3,2024-03-19,7.1928,0.6835,1.3487,1.6644,2.7489,1.7686,1.9854,1.7686,1.4983
2051,2777,ETAD,ETAD-0185-1,2024-03-13,7.1928,0.7734,1.9936,2.8432,4.2578,3.082,3.3596,3.082,2.7433
2052,2780,ETAD,ETAD-0188-4,2024-03-22,7.1928,0.7496,2.2176,2.7478,4.1022,2.9807,3.2399,2.9807,2.6346
2053,2781,ETAD,ETAD-0189-5,2024-03-25,7.1928,0.8019,2.4159,3.4467,4.8979,3.9359,3.5891,3.9359,3.7398
2054,2782,ETAD,ETAD-0190-6,2024-03-28,7.1928,0.5037,4.2626,5.4708,7.4429,6.5224,6.1767,6.5224,6.4162
2055,2783,ETAD,ETAD-0191-7,,0.0,,,,,,,,
2056,2784,ETAD,ETAD-0192-8,2024-03-31,7.272,0.7669,2.9494,3.5919,4.893,4.2513,4.1461,4.2513,3.9657
2057,2785,ETAD,ETAD-0193-1,2024-04-03,7.3584,0.6139,3.8148,4.8227,6.4765,5.7626,5.1746,5.7626,5.4693
2058,2786,ETAD,ETAD-0194-2,2024-04-06,7.3584,0.7244,3.44,4.034,5.8353,4.9506,4.6573,4.9506,4.7086
2059,2787,ETAD,ETAD-0195-3,2024-04-09,7.3584,1.1547,4.6298,5.2604,7.3839,6.3553,6.0933,6.3553,6.05
2060,2788,ETAD,ETAD-0196-4,2024-04-12,7.3584,1.329,3.8219,4.2675,6.1707,4.8076,4.38,4.8076,4.4992
2061,2789,ETAD,ETAD-0197-5,2024-04-15,7.3584,1.3483,4.437,4.9824,6.8768,6.1189,5.6176,6.1189,5.8312
2062,2790,ETAD,ETAD-0198-6,2024-04-18,7.3584,1.0498,4.2865,5.3373,7.6975,6.8463,6.7708,6.8463,6.8088
2063,2791,ETAD,ETAD-0199-7,,0.0,,,,,,,,
2064,2792,ETAD,ETAD-0200-8,2024-04-21,7.272,1.1054,2.0306,2.4532,3.8565,2.9928,2.9037,2.9928,2.7529
2467,3041,ETAD,ETAD-0201-1,2024-04-24,7.272,0.959,4.2024,5.6336,7.7333,6.7827,6.9308,6.7827,6.8557
2468,3042,ETAD,ETAD-0202-2,2024-04-27,7.272,1.2979,4.603,6.1257,7.9102,7.3397,7.9265,7.3397,7.7069
2469,3043,ETAD,ETAD-0203-3,2024-04-30,7.272,1.3948,4.4525,5.9147,8.0238,6.9927,7.085,6.9927,6.9933
2470,3044,ETAD,ETAD-0204-4,2024-05-03,7.272,1.4611,4.2084,5.9836,7.6216,6.9895,6.8826,6.9895,7.0381
2471,3045,ETAD,ETAD-0205-5,2024-05-06,7.272,0.8317,3.6025,5.0127,6.1823,5.4932,5.1164,5.4932,5.4836
2472,3046,ETAD,ETAD-0206-6,2024-05-09,7.272,0.5389,2.9932,3.9705,5.1474,4.4157,4.5145,4.4157,4.3807
2473,3047,ETAD,ETAD-0207-7,,0.0,,,,,,,,
2474,3048,ETAD,ETAD-0208-8,2024-05-12,7.272,0.5316,2.8071,3.8814,5.2524,4.2398,5.0991,4.2398,4.3466
2620,3161,ETAD,ETAD-0217-1,2024-06-06,7.1928,1.9193,7.9154,9.7576,11.4344,10.4031,8.0086,10.4031,10.1141
2621,3162,ETAD,ETAD-0218-2,2024-06-09,7.272,1.141,4.7615,6.0739,7.2616,6.407,4.724,6.407,6.2571
2622,3163,ETAD,ETAD-0219-3,2024-06-12,7.1928,1.5504,5.9681,8.7475,10.1783,9.2962,7.6365,9.2962,8.6495
2623,3161,ETAD,ETAD-0217-1,2024-06-06,7.1928,1.8938,7.7203,9.6242,11.2865,10.2003,7.831,10.2003,9.8768
2624,3164,ETAD,ETAD-0220-4,2024-06-15,7.272,1.3286,2.9129,3.6201,4.3769,3.6379,3.4554,3.6379,3.506
2625,3165,ETAD,ETAD-0221-5,2024-06-18,7.0272,2.3608,9.6439,12.0861,14.2853,13.6979,11.9809,13.6979,13.3731
2626,3166,ETAD,ETAD-0222-6,2024-06-21,7.1928,1.5518,6.8291,9.2265,10.9009,9.7781,8.8612,9.7781,9.61
2627,3167,ETAD,ETAD-0223-7,,0.0,,,,,,,,
2628,3168,ETAD,ETAD-0224-8,2024-06-24,7.1928,1.1139,5.748,7.1064,8.0961,7.4712,6.2792,7.4712,7.189
2629,3169,ETAD,ETAD-0225-1,2024-06-26,7.272,1.6205,6.0058,7.878,9.2803,8.2797,7.6348,8.2797,8.0651
2630,3170,ETAD,ETAD-0226-2,2024-06-29,7.1928,2.1782,8.2889,10.5415,12.2222,11.3553,10.3704,11.3553,11.2064
2631,3171,ETAD,ETAD-0227-3,2024-07-02,7.1064,1.839,7.4387,9.74,11.0821,10.0331,8.9867,10.0331,9.8851
2632,3172,ETAD,ETAD-0228-4,2024-07-05,7.3584,0.5758,3.6977,5.2527,5.9269,5.0587,5.512,5.0587,5.451
2633,3173,ETAD,ETAD-0229-5,2024-07-08,7.1928,1.3471,9.7322,12.9137,14.5783,13.5676,12.7511,13.5676,13.6392
2634,3174,ETAD,ETAD-0230-6,2024-07-11,7.1064,1.3362,9.2704,12.4918,14.1496,13.205,12.8167,13.205,13.4254
2635,3175,ETAD,ETAD-0231-7,,0.0,,,,,,,,
2636,3176,ETAD,ETAD-0232-8,2024-07-14,7.1928,1.567,8.3807,11.2415,12.6088,11.5754,11.0049,11.5754,11.6531
2637,3177,ETAD,ETAD-0233-1,2024-07-17,7.1928,1.5513,8.2687,11.1951,12.9603,12.0603,11.4425,12.0603,12.197
2638,3178,ETAD,ETAD-0234-2,2024-07-20,7.1928,1.3983,6.2325,8.4945,9.7801,8.8088,8.3755,8.8088,8.6494
2639,3179,ETAD,ETAD-0235-3,2024-07-23,7.272,1.0145,5.0719,7.0874,8.3378,7.3252,6.7013,7.3252,7.3177
2640,3180,ETAD,ETAD-0236-4,2024-07-26,7.272,0.4419,3.4428,4.4732,5.7187,5.3653,5.4348,5.3653,5.4518
2641,3181,ETAD,ETAD-0237-5,2024-07-29,7.3584,0.6877,3.3075,4.6521,5.876,5.258,5.053,5.258,5.2371
2642,3182,ETAD,ETAD-0238-6,2024-08-01,7.1928,1.3625,7.1318,9.9888,11.6776,10.6934,9.7289,10.6934,10.6462
2643,3183,ETAD,ETAD-0239-7,,0.0,,,,,,,,
2644,3184,ETAD,ETAD-0240-8,2024-08-04,7.272,1.0611,5.9314,7.9904,9.18,8.472,8.2214,8.472,8.4387
2645,3185,ETAD,ETAD-0241-1,2024-08-07,7.1064,1.0428,6.0342,8.6421,10.2569,9.4928,9.6273,9.4928,9.5748
2646,3186,ETAD,ETAD-0242-2,2024-08-16,7.1928,0.6403,2.0559,3.2275,4.285,3.6983,3.912,3.6983,3.6972
2647,3187,ETAD,ETAD-0243-3,2024-08-25,7.1928,1.099,4.6096,6.5107,8.061,7.3343,7.2225,7.3343,7.279
2648,3188,ETAD,ETAD-0244-4,2024-09-03,7.1928,1.7639,7.5789,10.47,12.5031,11.506,11.4167,11.506,11.5174
2649,3189,ETAD,ETAD-0245-5,2024-09-12,7.2792,1.3558,5.4811,6.8964,8.5168,8.0579,7.8156,8.0579,7.8555
2650,3190,ETAD,ETAD-0246-6,2024-09-21,6.8616,2.8875,8.3816,9.965,10.7758,10.4722,10.1837,10.4722,10.1529
2651,3191,ETAD,ETAD-0247-7,,0.0,,,,,,,,
2652,3192,ETAD,ETAD-0248-8,2024-08-07,2.0736,1.3871,6.3317,7.3093,10.4249,8.4425,9.7153,8.4425,8.9872
3200,445,ETAD,ETAD-0001-1,2023-01-21,6.9408,1.609,3.4289,3.5726,5.2894,4.4119,6.3252,4.4119,3.426
3201,446,ETAD,ETAD-0002-2,2023-01-24,6.9408,1.1095,3.3641,3.338,4.9391,4.6439,5.5191,4.6439,2.7563
3202,447,ETAD,ETAD-0003-3,2023-01-27,6.9408,1.0312,2.7414,2.0889,3.5607,3.309,3.8851,3.309,1.5784
3203,448,ETAD,ETAD-0004-4,2023-01-30,7.0272,1.2454,3.2346,2.8237,4.4111,4.2059,4.9877,4.2059,2.0938
3204,449,ETAD,ETAD-0005-5,2023-02-02,7.0272,0.7943,3.2482,2.8268,4.3799,3.9167,4.5626,3.9167,2.4881
3205,450,ETAD,ETAD-0006-6,2023-02-05,7.0272,1.3266,3.6714,2.7556,4.2383,3.9868,4.8503,3.9868,2.0492
3206,451,ETAD,ETAD-0007-7,,0.0,,,,,,,,
3207,452,ETAD,ETAD-0008-8,2023-02-08,6.7824,1.6245,3.5215,2.7434,4.5666,4.1571,4.7217,4.1571,1.9251
3208,453,ETAD,ETAD-0033-1,2022-12-28,7.0272,0.9102,1.8104,1.3725,2.5325,2.4992,3.2697,2.4992,1.1472
3209,454,ETAD,ETAD-0034-2,2022-12-31,7.0272,1.0443,2.7037,1.4946,3.0639,2.8121,4.265,2.8121,1.4097
3210,455,ETAD,ETAD-0035-3,2023-01-03,7.0272,0.8562,4.2471,4.9825,7.0761,6.7334,7.0801,6.7334,6.1332
3211,456,ETAD,ETAD-0036-4,2023-01-06,7.0272,0.4587,2.3325,2.1535,3.5111,3.3184,3.6499,3.3184,2.3315
3212,458,ETAD,ETAD-0038-6,2023-01-12,7.0272,1.1031,2.6776,2.2371,3.3625,3.4525,4.1766,3.4525,1.58
3213,459,ETAD,ETAD-0039-7,,0.0,,,,,,,,
3214,460,ETAD,ETAD-0040-8,2023-01-15,6.8616,0.9945,2.4298,1.7455,3.3164,3.0147,3.7177,3.0147,2.0105
3986,3956,ETAD,ETAD-0249-1,2024-10-09,7.1928,1.1868,4.9714,6.716,8.979,8.1253,7.545,8.1253,7.9639
3987,3957,ETAD,ETAD-0250-2,2024-10-18,7.1928,1.0681,2.6115,3.0324,4.6984,3.6681,3.917,3.6681,3.6166
3988,3958,ETAD,ETAD-0251-3,2024-10-27,7.1928,0.3972,2.4106,3.0798,4.6092,3.942,3.9793,3.942,3.9604
3989,3959,ETAD,ETAD-0252-4,2024-11-05,7.1928,0.9315,2.2114,3.0956,4.9097,4.0274,4.3093,4.0274,4.0216
3990,3960,ETAD,ETAD-0253-5,2024-11-14,7.272,1.0287,2.1813,2.8307,3.9495,3.225,3.5322,3.225,3.2291
3991,3961,ETAD,ETAD-0254-6,2024-11-23,7.1928,1.4288,2.6398,3.2562,4.7362,4.0068,4.3352,4.0068,3.927
3992,3962,ETAD,ETAD-0255-7,,0.0,,,,,,,,
3993,3963,ETAD,ETAD-0256-8,2024-10-09,2.1312,1.925,2.9428,3.7287,7.2965,5.3414,6.008,5.3414,5.0175
3994,3964,ETAD,ETAD-0257-1,2024-12-11,7.1928,1.5393,3.379,4.423,6.2356,5.1978,5.9144,5.1978,5.1493
3995,3965,ETAD,ETAD-0258-2,2024-12-20,7.1064,1.1109,3.16,3.7012,5.2573,4.4285,5.4303,4.4285,4.668
3996,3966,ETAD,ETAD-0259-3,2024-12-29,6.7139,0.8738,2.8487,3.4568,4.8429,4.0599,4.875,4.0599,4.0957
3997,3967,ETAD,ETAD-0260-4,2025-01-07,7.1928,0.8872,1.2374,0.9308,1.8422,1.0685,1.6629,1.0685,1.083
3998,3968,ETAD,ETAD-0261-5,2025-01-16,7.1928,0.9389,3.2976,4.3085,5.8872,4.6508,4.9337,4.6508,4.5565
3999,3969,ETAD,ETAD-0262-6,2025-01-25,7.1064,1.044,2.4031,3.056,4.6145,3.6089,4.044,3.6089,3.6593
4000,3970,ETAD,ETAD-0263-7,,0.0,,,,,,,,
4001,3971,ETAD,ETAD-0264-8,2024-12-11,2.1312,1.4107,3.1856,1.8066,5.3558,2.5258,5.5644,2.5258,2.8546
4002,3972,ETAD,ETAD-0265-1,2025-02-05,6.9408,0.7669,1.3926,1.7256,2.8738,1.9829,2.6852,1.9829,2.0663
4003,3973,ETAD,ETAD-0266-2,2025-02-14,7.0272,0.7363,1.3639,1.7074,2.6475,1.8811,2.2645,1.8811,2.0175
4004,3974,ETAD,ETAD-0267-3,2025-02-23,6.8616,0.6837,1.3946,1.346,2.4216,1.6945,2.3641,1.6945,1.9042
4005,3975,ETAD,ETAD-0268-4,2025-03-04,6.8616,0.9647,1.571,1.897,3.1485,2.407,3.0812,2.407,2.7401
4006,3976,ETAD,ETAD-0269-5,2025-03-13,6.8616,0.9337,2.3649,2.5104,3.6339,3.1398,3.4327,3.1398,3.4318
4007,3977,ETAD,ETAD-0270-6,2025-03-22,7.0272,0.4537,2.4105,2.8586,4.1836,3.661,4.2469,3.661,3.9645
4008,3978,ETAD,ETAD-0271-7,,0.0,,,,,,,,
4009,3979,ETAD,ETAD-0272-8,2025-02-05,2.1312,0.4826,2.2735,0.438,2.5552,0.3103,3.3504,0.3103,0.9096
4010,3980,ETAD,ETAD-0273-1,2025-04-09,7.272,0.5271,3.3827,4.0076,4.9984,4.5796,4.3399,4.5796,4.6782
4011,3981,ETAD,ETAD-0274-2,2025-04-18,7.1136,0.3714,1.0392,1.5432,2.4763,1.7205,2.4803,1.7205,2.0098
4012,3982,ETAD,ETAD-0275-3,2025-04-27,7.272,0.2798,2.9072,3.4907,4.7567,4.1778,4.2525,4.1778,4.4351
4013,3983,ETAD,ETAD-0276-4,2025-05-06,7.2538,0.7866,2.8446,3.8604,5.1656,4.3841,5.2086,4.3841,4.8944
4014,3984,ETAD,ETAD-0277-5,2025-05-15,7.2659,0.6678,2.6905,3.4918,4.8047,3.7512,4.8074,3.7512,4.4022
4015,3985,ETAD,ETAD-0278-6,2025-05-24,7.2568,1.115,4.6685,6.0582,7.4728,7.075,7.0402,7.075,7.3549
4016,3986,ETAD,ETAD-0279-7,,0.0,,,,,,,,
4017,3987,ETAD,ETAD-0280-8,2025-04-09,2.1205,1.2258,2.9946,2.5294,5.3673,3.1247,5.3707,3.1247,3.3379
4018,3988,ETAD,ETAD-0281-1,2025-06-18,7.0975,1.5985,6.7012,9.1784,11.2684,10.719,9.8266,10.719,10.7622
4019,3989,ETAD,ETAD-0282-2,2025-06-27,7.0886,2.2953,6.9976,10.31,12.8789,11.6612,11.3305,11.6612,11.688
4020,3990,ETAD,ETAD-0283-3,2025-07-06,7.1928,1.4486,6.1311,8.6715,10.6018,9.5938,9.4946,9.5938,9.7302
4021,3991,ETAD,ETAD-0284-4,2025-07-15,7.1064,1.8588,6.1547,9.1241,10.9054,9.7522,9.4427,9.7522,9.7844
4022,3992,ETAD,ETAD-0285-5,2025-07-24,7.0946,1.7289,4.3351,6.1164,7.7507,6.9224,6.8083,6.9224,6.7774
4023,3992,ETAD,ETAD-0285-5,2025-07-24,7.0946,1.4785,4.1248,6.0939,7.7376,6.8864,6.7715,6.8864,6.7802
4024,3993,ETAD,ETAD-0286-6,2025-08-02,7.0975,1.5559,6.3143,8.9697,11.0493,10.0531,9.5512,10.0531,10.1245
4025,3994,ETAD,ETAD-0287-7,,0.0,,,,,,,,
4026,3995,ETAD,ETAD-0288-8,2025-06-18,2.268,2.4199,5.165,7.3558,11.3133,9.2,10.5375,9.2,9.4805
4332,4148,ETAD,ETAD-0297-1,2025-11-21,7.272,1.8997,2.6184,2.9129,4.584,3.2873,3.729,3.2873,3.3958
4333,4149,ETAD,ETAD-0298-2,2025-11-24,7.272,1.3047,2.9377,3.4222,5.6827,4.3051,4.0659,4.3051,4.2156
4334,4150,ETAD,ETAD-0299-3,2025-11-27,7.3584,1.4335,2.0599,2.3791,4.4082,3.2307,3.3386,3.2307,3.2717
4335,4151,ETAD,ETAD-0300-4,2025-11-30,7.272,1.712,2.5354,3.2941,6.066,4.5222,4.488,4.5222,4.6199
4336,4152,ETAD,ETAD-0301-5,2025-12-03,7.272,1.6665,2.7981,3.7718,6.2051,4.7889,4.5469,4.7889,4.6762
4337,4153,ETAD,ETAD-0302-6,2025-12-06,7.3584,0.8137,1.5819,1.5688,3.0036,2.1731,2.3791,2.1731,2.0489
4338,4154,ETAD,ETAD-0303-7,,0.0,,,,,,,,
4339,4155,ETAD,ETAD-0304-8,2025-12-09,7.272,0.9417,2.839,3.6748,5.768,4.2765,4.0536,4.2765,4.141
4340,4156,ETAD,ETAD-0305-1,2025-12-17,7.272,0.4036,2.7957,2.9156,4.2127,3.2621,3.0517,3.2621,3.3972
4341,4157,ETAD,ETAD-0306-2,2025-12-20,7.1928,1.6724,4.3756,4.236,6.0886,3.8956,3.5756,3.8956,4.005
4342,4158,ETAD,ETAD-0307-3,2025-12-23,7.1928,0.9673,4.3441,4.8744,6.9636,6.0059,5.5858,6.0059,6.0197
4343,4159,ETAD,ETAD-0308-4,2025-12-26,7.1928,2.1068,4.8002,6.1106,8.263,6.782,7.1377,6.782,7.1249
4344,4160,ETAD,ETAD-0309-5,2025-12-29,7.1928,0.7568,3.5646,3.6312,5.5499,4.4858,4.0359,4.4858,4.5836
4345,4161,ETAD,ETAD-0310-6,2026-01-01,7.1712,1.6717,4.823,3.4239,4.4445,2.7875,3.7452,2.7875,3.044
4346,4162,ETAD,ETAD-0311-7,,0.0,,,,,,,,
4347,4163,ETAD,ETAD-0312-8,2026-01-04,7.1928,0.7506,2.1467,2.2875,3.5521,2.8045,3.6022,2.8045,2.9798
4577,4460,ETAD,ETAD-0313-1,2026-01-14,7.3584,0.9081,4.4973,5.5819,7.4765,6.0314,5.7899,6.0314,5.9262
4578,4461,ETAD,ETAD-0314-2,2026-01-17,7.3584,1.0786,1.8924,2.3908,3.4587,2.664,2.7391,2.664,2.442
4579,4462,ETAD,ETAD-0315-3,2026-01-20,7.3584,1.0144,1.5528,1.813,3.253,2.027,2.3901,2.027,1.9284
4580,4460,ETAD,ETAD-0313-1,2026-01-14,7.3584,0.6272,3.9912,5.3571,7.085,5.5841,5.3936,5.5841,5.5038
4581,4463,ETAD,ETAD-0316-4,2026-01-23,7.3584,0.8932,2.4474,3.5069,5.389,4.2775,4.6993,4.2775,4.1595
4582,4464,ETAD,ETAD-0317-5,2026-01-26,7.3584,1.3871,1.991,2.6654,4.8529,3.7478,5.6466,3.7478,3.9562
4583,4465,ETAD,ETAD-0318-6,2026-01-29,7.3584,0.6251,1.2898,1.3745,2.5098,1.6617,3.1816,1.6617,1.8761
4584,4466,ETAD,ETAD-0319-7,,0.0,,,,,,,,
4585,4467,ETAD,ETAD-0320-8,2026-02-01,7.3584,1.3032,1.3448,1.6285,2.9304,1.5254,3.1823,1.5254,1.5956
4586,4468,ETAD,ETAD-0321-1,2026-02-11,7.272,0.5042,2.1285,3.3469,5.3664,4.1768,4.1552,4.1768,4.1683
4587,4469,ETAD,ETAD-0322-2,2026-02-14,7.272,0.8718,2.1916,3.3972,5.453,4.1474,4.1325,4.1474,4.0973
4588,4470,ETAD,ETAD-0323-3,2026-02-17,7.272,1.1626,2.1741,2.5048,4.573,3.1276,3.0623,3.1276,2.8577
4589,4471,ETAD,ETAD-0324-4,2026-02-20,7.272,1.1647,2.2234,2.638,3.6545,2.3927,3.4386,2.3927,2.0976
4590,4472,ETAD,ETAD-0325-5,2026-02-23,7.272,0.5615,1.2554,1.7161,2.9584,1.8655,2.2641,1.8655,1.8444
4591,4473,ETAD,ETAD-0326-6,2026-02-26,7.272,1.1902,2.2657,2.8892,5.1852,3.9792,4.4033,3.9792,4.0401
4592,4474,ETAD,ETAD-0327-7,,0.0,,,,,,,,
4593,4475,ETAD,ETAD-0328-8,2026-03-01,7.3584,0.9752,1.0059,1.5056,3.0974,2.1581,2.4215,2.1581,2.0104
