n_components,rmse_mean,rmse_sd,rmse_se,n_folds,cv_scheme,is_local_minimum,within_global_one_se,selected_first_major_minimum,global_minimum_components,selection_threshold,model,df1
1,15.00833837516197,8.646950303554023,3.867033735361847,5,group-held-out K-fold,False,False,False,5,8.277887880616692,"lowest-OCEC 800, AIRSpec df1=6",6
2,8.717989192879548,5.458010248584599,2.4408963875451377,5,group-held-out K-fold,False,False,False,5,8.277887880616692,"lowest-OCEC 800, AIRSpec df1=6",6
3,8.128666997877595,5.228517886464547,2.3382642831416507,5,group-held-out K-fold,False,True,False,5,8.277887880616692,"lowest-OCEC 800, AIRSpec df1=6",6
4,7.205072904933322,4.112752877440401,1.8392790017229195,5,group-held-out K-fold,False,True,False,5,8.277887880616692,"lowest-OCEC 800, AIRSpec df1=6",6
5,6.55872097549752,3.844174064514398,1.7191669051191711,5,group-held-out K-fold,True,True,True,5,8.277887880616692,"lowest-OCEC 800, AIRSpec df1=6",6
6,6.606823987442939,4.145437873429151,1.85389617629795,5,group-held-out K-fold,False,True,False,5,8.277887880616692,"lowest-OCEC 800, AIRSpec df1=6",6
7,6.828475742442075,3.671609650232704,1.6419937529529103,5,group-held-out K-fold,False,True,False,5,8.277887880616692,"lowest-OCEC 800, AIRSpec df1=6",6
8,7.466784619216132,4.021503013368673,1.7984708219225198,5,group-held-out K-fold,False,True,False,5,8.277887880616692,"lowest-OCEC 800, AIRSpec df1=6",6
9,6.839306934041848,3.377816656094188,1.5106055317115266,5,group-held-out K-fold,False,True,False,5,8.277887880616692,"lowest-OCEC 800, AIRSpec df1=6",6
10,6.581685173900894,3.442852566222562,1.539690474916649,5,group-held-out K-fold,True,True,False,5,8.277887880616692,"lowest-OCEC 800, AIRSpec df1=6",6
11,6.735719370725278,3.2835858593052842,1.468464238272735,5,group-held-out K-fold,False,True,False,5,8.277887880616692,"lowest-OCEC 800, AIRSpec df1=6",6
12,6.886470595502827,3.354094582324095,1.499996697808088,5,group-held-out K-fold,False,True,False,5,8.277887880616692,"lowest-OCEC 800, AIRSpec df1=6",6
13,7.11522042197465,3.7486536744193177,1.6764488880211916,5,group-held-out K-fold,False,True,False,5,8.277887880616692,"lowest-OCEC 800, AIRSpec df1=6",6
14,7.105518754319218,3.8563388106047394,1.7246071449565767,5,group-held-out K-fold,True,True,False,5,8.277887880616692,"lowest-OCEC 800, AIRSpec df1=6",6
15,7.171902340520587,3.665643692871242,1.6393256957106916,5,group-held-out K-fold,False,True,False,5,8.277887880616692,"lowest-OCEC 800, AIRSpec df1=6",6
16,7.205277759277851,3.394125799291498,1.5178992022803195,5,group-held-out K-fold,False,True,False,5,8.277887880616692,"lowest-OCEC 800, AIRSpec df1=6",6
17,6.935773074742653,2.9995982096329548,1.3414611003851902,5,group-held-out K-fold,False,True,False,5,8.277887880616692,"lowest-OCEC 800, AIRSpec df1=6",6
18,6.869357492942133,2.9840875114011127,1.3345245052602133,5,group-held-out K-fold,True,True,False,5,8.277887880616692,"lowest-OCEC 800, AIRSpec df1=6",6
19,7.172527624897825,2.9532267402435055,1.3207231488309183,5,group-held-out K-fold,False,True,False,5,8.277887880616692,"lowest-OCEC 800, AIRSpec df1=6",6
20,7.0939689399668024,2.7680835028703754,1.2379245759627786,5,group-held-out K-fold,True,True,False,5,8.277887880616692,"lowest-OCEC 800, AIRSpec df1=6",6
21,7.209271637679,2.608723444846279,1.1666565914347404,5,group-held-out K-fold,False,True,False,5,8.277887880616692,"lowest-OCEC 800, AIRSpec df1=6",6
22,7.128684009496057,2.655379983041114,1.1875220296344338,5,group-held-out K-fold,True,True,False,5,8.277887880616692,"lowest-OCEC 800, AIRSpec df1=6",6
23,7.26036690376004,2.6274803618727067,1.1750449397386238,5,group-held-out K-fold,False,True,False,5,8.277887880616692,"lowest-OCEC 800, AIRSpec df1=6",6
24,7.2438880136664725,2.866369490594556,1.2818794059201741,5,group-held-out K-fold,False,True,False,5,8.277887880616692,"lowest-OCEC 800, AIRSpec df1=6",6
25,7.1901158961137455,2.6307173248517506,1.1764925535909823,5,group-held-out K-fold,False,True,False,5,8.277887880616692,"lowest-OCEC 800, AIRSpec df1=6",6
26,7.112611913630408,2.7022108618784775,1.2084654353397142,5,group-held-out K-fold,True,True,False,5,8.277887880616692,"lowest-OCEC 800, AIRSpec df1=6",6
27,7.20405391936208,2.6622466660080057,1.190592903613216,5,group-held-out K-fold,False,True,False,5,8.277887880616692,"lowest-OCEC 800, AIRSpec df1=6",6
28,7.264196216121202,2.847673492658444,1.2735183014617057,5,group-held-out K-fold,False,True,False,5,8.277887880616692,"lowest-OCEC 800, AIRSpec df1=6",6
29,7.071549321663975,2.5267294761996943,1.1299877739069906,5,group-held-out K-fold,True,True,False,5,8.277887880616692,"lowest-OCEC 800, AIRSpec df1=6",6
30,7.154493166278411,2.376748758606465,1.0629143579364586,5,group-held-out K-fold,False,True,False,5,8.277887880616692,"lowest-OCEC 800, AIRSpec df1=6",6
31,7.221354682431382,2.3248469249390937,1.039703152289033,5,group-held-out K-fold,False,True,False,5,8.277887880616692,"lowest-OCEC 800, AIRSpec df1=6",6
32,7.279522576233084,2.3765041732714476,1.062804976049379,5,group-held-out K-fold,False,True,False,5,8.277887880616692,"lowest-OCEC 800, AIRSpec df1=6",6
33,7.364170855742911,2.5424001682109125,1.1369959204253,5,group-held-out K-fold,False,True,False,5,8.277887880616692,"lowest-OCEC 800, AIRSpec df1=6",6
34,7.39602700296332,2.625809493139943,1.174297704525036,5,group-held-out K-fold,False,True,False,5,8.277887880616692,"lowest-OCEC 800, AIRSpec df1=6",6
35,7.474632299120546,2.4959384033163,1.1162175874935067,5,group-held-out K-fold,False,True,False,5,8.277887880616692,"lowest-OCEC 800, AIRSpec df1=6",6
36,7.704474385839513,2.6439748827108405,1.1824215137086944,5,group-held-out K-fold,False,True,False,5,8.277887880616692,"lowest-OCEC 800, AIRSpec df1=6",6
37,7.915973253163523,2.8574249895372517,1.2778793034423839,5,group-held-out K-fold,False,True,False,5,8.277887880616692,"lowest-OCEC 800, AIRSpec df1=6",6
38,8.124624787361839,2.932891373884221,1.3116288965255738,5,group-held-out K-fold,False,True,False,5,8.277887880616692,"lowest-OCEC 800, AIRSpec df1=6",6
39,8.428161516093223,3.2444458381241144,1.4509602886723596,5,group-held-out K-fold,False,False,False,5,8.277887880616692,"lowest-OCEC 800, AIRSpec df1=6",6
40,9.263075245523256,4.370697670141325,1.9546354199071911,5,group-held-out K-fold,False,False,False,5,8.277887880616692,"lowest-OCEC 800, AIRSpec df1=6",6
1,15.137582462992373,8.728540117585256,3.9035218094509276,5,group-held-out K-fold,False,False,False,5,8.265934792703838,"lowest-OCEC 800, AIRSpec df1=8",8
2,8.730702439959506,5.391240158237968,2.411035895369364,5,group-held-out K-fold,False,False,False,5,8.265934792703838,"lowest-OCEC 800, AIRSpec df1=8",8
3,8.128967660013284,5.223487116826195,2.3360144545635517,5,group-held-out K-fold,False,True,False,5,8.265934792703838,"lowest-OCEC 800, AIRSpec df1=8",8
4,7.229335295548052,4.176096502567562,1.8676071320680387,5,group-held-out K-fold,False,True,False,5,8.265934792703838,"lowest-OCEC 800, AIRSpec df1=8",8
5,6.552753423770139,3.8307899987218987,1.7131813689336994,5,group-held-out K-fold,True,True,True,5,8.265934792703838,"lowest-OCEC 800, AIRSpec df1=8",8
6,6.615988343168529,4.037102731740345,1.8054472280643017,5,group-held-out K-fold,False,True,False,5,8.265934792703838,"lowest-OCEC 800, AIRSpec df1=8",8
7,6.863256774375012,3.7194018124823076,1.663367057669273,5,group-held-out K-fold,False,True,False,5,8.265934792703838,"lowest-OCEC 800, AIRSpec df1=8",8
8,7.190605137204768,3.8259889448115887,1.7110342723522807,5,group-held-out K-fold,False,True,False,5,8.265934792703838,"lowest-OCEC 800, AIRSpec df1=8",8
9,6.694635628885129,3.386316175376953,1.5144066322899932,5,group-held-out K-fold,False,True,False,5,8.265934792703838,"lowest-OCEC 800, AIRSpec df1=8",8
10,6.615069836689974,3.451768223474986,1.5436776780527508,5,group-held-out K-fold,True,True,False,5,8.265934792703838,"lowest-OCEC 800, AIRSpec df1=8",8
11,6.696073969517821,3.425968213434152,1.5321395627984542,5,group-held-out K-fold,False,True,False,5,8.265934792703838,"lowest-OCEC 800, AIRSpec df1=8",8
12,7.041437252213828,3.5727783657714296,1.5977950588811047,5,group-held-out K-fold,False,True,False,5,8.265934792703838,"lowest-OCEC 800, AIRSpec df1=8",8
13,7.098399321921386,3.8992310619793664,1.7437891429129118,5,group-held-out K-fold,False,True,False,5,8.265934792703838,"lowest-OCEC 800, AIRSpec df1=8",8
14,6.940725875887662,3.7195358921676656,1.6634270199274455,5,group-held-out K-fold,True,True,False,5,8.265934792703838,"lowest-OCEC 800, AIRSpec df1=8",8
15,7.295934415867552,3.8491956611133107,1.7214126313893212,5,group-held-out K-fold,False,True,False,5,8.265934792703838,"lowest-OCEC 800, AIRSpec df1=8",8
16,7.154554029985756,3.612437407156268,1.6155311213729,5,group-held-out K-fold,False,True,False,5,8.265934792703838,"lowest-OCEC 800, AIRSpec df1=8",8
17,6.894952356688606,3.1949870852890254,1.4288416619880357,5,group-held-out K-fold,False,True,False,5,8.265934792703838,"lowest-OCEC 800, AIRSpec df1=8",8
18,6.878590585801905,3.1604348243310225,1.4133894211323546,5,group-held-out K-fold,True,True,False,5,8.265934792703838,"lowest-OCEC 800, AIRSpec df1=8",8
19,7.070809132582714,3.0874679376681247,1.380757637395402,5,group-held-out K-fold,False,True,False,5,8.265934792703838,"lowest-OCEC 800, AIRSpec df1=8",8
20,7.1759260605085355,3.104641078423074,1.3884376994184497,5,group-held-out K-fold,False,True,False,5,8.265934792703838,"lowest-OCEC 800, AIRSpec df1=8",8
21,7.016349584077725,2.7762162074202603,1.2415616320056715,5,group-held-out K-fold,True,True,False,5,8.265934792703838,"lowest-OCEC 800, AIRSpec df1=8",8
22,7.028698641368647,2.730533160522512,1.2211315523491364,5,group-held-out K-fold,False,True,False,5,8.265934792703838,"lowest-OCEC 800, AIRSpec df1=8",8
23,7.080036459721964,2.9060247702099598,1.2996137860975352,5,group-held-out K-fold,False,True,False,5,8.265934792703838,"lowest-OCEC 800, AIRSpec df1=8",8
24,7.015595735505373,2.89489584252805,1.2946367783348491,5,group-held-out K-fold,True,True,False,5,8.265934792703838,"lowest-OCEC 800, AIRSpec df1=8",8
25,7.07230070154481,2.927729220229785,1.3093203112292502,5,group-held-out K-fold,False,True,False,5,8.265934792703838,"lowest-OCEC 800, AIRSpec df1=8",8
26,6.974191428873761,2.7926867144926173,1.2489274666932078,5,group-held-out K-fold,True,True,False,5,8.265934792703838,"lowest-OCEC 800, AIRSpec df1=8",8
27,6.997775753880551,2.832128870861368,1.2665665352571482,5,group-held-out K-fold,False,True,False,5,8.265934792703838,"lowest-OCEC 800, AIRSpec df1=8",8
28,7.1159208959825735,2.968924978461454,1.327743614387382,5,group-held-out K-fold,False,True,False,5,8.265934792703838,"lowest-OCEC 800, AIRSpec df1=8",8
29,6.857129113768688,2.7763909631957393,1.241639785164358,5,group-held-out K-fold,True,True,False,5,8.265934792703838,"lowest-OCEC 800, AIRSpec df1=8",8
30,6.935276749447719,2.6417125574042863,1.1814097710741598,5,group-held-out K-fold,False,True,False,5,8.265934792703838,"lowest-OCEC 800, AIRSpec df1=8",8
31,7.03804331653901,2.5546683590207264,1.1424824221476364,5,group-held-out K-fold,False,True,False,5,8.265934792703838,"lowest-OCEC 800, AIRSpec df1=8",8
32,7.163649026056397,2.5225647148976664,1.1281252360307117,5,group-held-out K-fold,False,True,False,5,8.265934792703838,"lowest-OCEC 800, AIRSpec df1=8",8
33,7.2875645302331815,2.6495889761136384,1.1849322126048323,5,group-held-out K-fold,False,True,False,5,8.265934792703838,"lowest-OCEC 800, AIRSpec df1=8",8
34,7.301990017547436,2.743591978801949,1.226971633424864,5,group-held-out K-fold,False,True,False,5,8.265934792703838,"lowest-OCEC 800, AIRSpec df1=8",8
35,7.257972460251155,2.5593787336575127,1.1445889657251054,5,group-held-out K-fold,True,True,False,5,8.265934792703838,"lowest-OCEC 800, AIRSpec df1=8",8
36,7.476768848271573,2.702424103845898,1.2085608000466757,5,group-held-out K-fold,False,True,False,5,8.265934792703838,"lowest-OCEC 800, AIRSpec df1=8",8
37,7.577084798849988,2.7586487246549467,1.2337052148743122,5,group-held-out K-fold,False,True,False,5,8.265934792703838,"lowest-OCEC 800, AIRSpec df1=8",8
38,7.94224508508552,3.0187257127800833,1.3500151798405544,5,group-held-out K-fold,False,True,False,5,8.265934792703838,"lowest-OCEC 800, AIRSpec df1=8",8
39,8.254379092266113,3.3711474337710086,1.507622964817189,5,group-held-out K-fold,False,True,False,5,8.265934792703838,"lowest-OCEC 800, AIRSpec df1=8",8
40,9.009635405934626,4.376001243840688,1.957007250170282,5,group-held-out K-fold,False,False,False,5,8.265934792703838,"lowest-OCEC 800, AIRSpec df1=8",8
