Method_Pair,Prefix,Dominance_Method,Source,Threshold,Low_n,Low_R2,Low_Slope,High_n,High_R2,High_Slope,Residual_Corr
HIPS Fabs/MAC vs FTIR EC,hips_vs_ec,GF,ALL,0.3,3,0.8838134884918308,0.5212126072182924,99,0.8096752214276163,0.39082407420746207,-0.02580097991761771
HIPS Fabs/MAC vs FTIR EC,hips_vs_ec,KF,ALL,0.3,3,0.7334169390159316,0.5180571408681257,99,0.814663399008089,0.3926935457768942,-0.45429136607530407
HIPS Fabs/MAC vs FTIR EC,hips_vs_ec,GF,ALL,0.4,31,0.7957787132678652,0.3626491135201922,71,0.8172070744060048,0.40278553731829286,-0.02580097991761771
HIPS Fabs/MAC vs FTIR EC,hips_vs_ec,KF,ALL,0.4,34,0.6242748229092506,0.3439725508837511,68,0.8569511882551017,0.41786141100175617,-0.45429136607530407
HIPS Fabs/MAC vs FTIR EC,hips_vs_ec,GF,ALL,0.5,64,0.825776227687513,0.3893060752747958,38,0.7958463633630253,0.4033887355425859,-0.02580097991761771
HIPS Fabs/MAC vs FTIR EC,hips_vs_ec,KF,ALL,0.5,66,0.7121892086372376,0.3760700398558426,36,0.8563090149292187,0.4168866108665067,-0.45429136607530407
HIPS Fabs/MAC vs FTIR EC,hips_vs_ec,GF,ALL,0.6,92,0.8093145084287949,0.39734206206125033,10,0.8250825498444659,0.36994882722833444,-0.02580097991761771
HIPS Fabs/MAC vs FTIR EC,hips_vs_ec,KF,ALL,0.6,85,0.7709362106659464,0.3861037193620437,17,0.8570394693874273,0.4568402028450676,-0.45429136607530407
HIPS Fabs/MAC vs FTIR EC,hips_vs_ec,GF,ALL,0.7,100,0.81113341083613,0.39241514451059795,2,,,-0.02580097991761771
HIPS Fabs/MAC vs FTIR EC,hips_vs_ec,KF,ALL,0.7,94,0.7990660419687362,0.3906963310633403,8,0.7745392086182182,0.42448300853971255,-0.45429136607530407
Aeth IR BCc vs FTIR EC,aeth_ir_vs_ec,GF,ALL,0.3,2,,,95,0.7548221909981646,1.1847544170311952,0.06131269345539237
Aeth IR BCc vs FTIR EC,aeth_ir_vs_ec,KF,ALL,0.3,3,0.9507095091704685,2.470651055195112,94,0.7523096523966785,1.1567222818710112,0.10053164712673623
Aeth IR BCc vs FTIR EC,aeth_ir_vs_ec,GF,ALL,0.4,30,0.6774286370023052,1.2098463194714182,67,0.7669401887305368,1.1604993055288833,0.06131269345539237
Aeth IR BCc vs FTIR EC,aeth_ir_vs_ec,KF,ALL,0.4,32,0.648875977743328,1.468221870121371,65,0.770838573081357,1.1459755348474137,0.10053164712673623
Aeth IR BCc vs FTIR EC,aeth_ir_vs_ec,GF,ALL,0.5,61,0.7674023011742618,1.0780910355761686,36,0.7332263604571809,1.3127349189078596,0.06131269345539237
Aeth IR BCc vs FTIR EC,aeth_ir_vs_ec,KF,ALL,0.5,61,0.6413877666313731,1.2268525334720135,36,0.7899403488064852,1.1690132040436252,0.10053164712673623
Aeth IR BCc vs FTIR EC,aeth_ir_vs_ec,GF,ALL,0.6,87,0.7145088953238119,1.1239593629265687,10,0.919597166730901,1.4514190665771136,0.06131269345539237
Aeth IR BCc vs FTIR EC,aeth_ir_vs_ec,KF,ALL,0.6,80,0.7048617459579134,1.1464832772238223,17,0.7387909990052983,1.3493150856318457,0.10053164712673623
Aeth IR BCc vs FTIR EC,aeth_ir_vs_ec,GF,ALL,0.7,95,0.7432797262760819,1.1676336126531253,2,,,0.06131269345539237
Aeth IR BCc vs FTIR EC,aeth_ir_vs_ec,KF,ALL,0.7,89,0.7045902096022084,1.1015167886229091,8,0.8945782653970087,1.6951117358942869,0.10053164712673623
Aeth IR BCc vs HIPS Fabs/MAC,aeth_ir_vs_hips,GF,ALL,0.3,2,,,95,0.6029789600872817,2.464917046247148,0.06962288254037571
Aeth IR BCc vs HIPS Fabs/MAC,aeth_ir_vs_hips,KF,ALL,0.3,3,0.5189688732042211,3.01756026112139,94,0.6082786765738879,2.4371078680604157,0.35181366668754227
Aeth IR BCc vs HIPS Fabs/MAC,aeth_ir_vs_hips,GF,ALL,0.4,30,0.4494193611956245,2.5510115535809437,67,0.6437791010460975,2.415899240995297,0.06962288254037571
Aeth IR BCc vs HIPS Fabs/MAC,aeth_ir_vs_hips,KF,ALL,0.4,32,0.34236664809722656,2.491262443555612,65,0.6580537729996578,2.380698016699133,0.35181366668754227
Aeth IR BCc vs HIPS Fabs/MAC,aeth_ir_vs_hips,GF,ALL,0.5,61,0.5996248489109163,2.2718320535492675,36,0.6048056674519317,2.6663994743121338,0.06962288254037571
Aeth IR BCc vs HIPS Fabs/MAC,aeth_ir_vs_hips,KF,ALL,0.5,61,0.42673969211760787,2.354711188984103,36,0.6716386602584526,2.3926954411748675,0.35181366668754227
Aeth IR BCc vs HIPS Fabs/MAC,aeth_ir_vs_hips,GF,ALL,0.6,87,0.5821851946089556,2.3452556206958057,10,0.6723332372632658,3.047146597063283,0.06962288254037571
Aeth IR BCc vs HIPS Fabs/MAC,aeth_ir_vs_hips,KF,ALL,0.6,80,0.5271141418696671,2.3170383880592067,17,0.5971509662444908,2.458276579651165,0.35181366668754227
Aeth IR BCc vs HIPS Fabs/MAC,aeth_ir_vs_hips,GF,ALL,0.7,95,0.5925294882484914,2.4384100761152263,2,,,0.06962288254037571
Aeth IR BCc vs HIPS Fabs/MAC,aeth_ir_vs_hips,KF,ALL,0.7,89,0.537644771125292,2.2525092713893002,8,0.73437647713845,3.184270337177475,0.35181366668754227
HIPS Fabs/MAC vs FTIR EC,hips_vs_ec,GF,Charcoal Burning,0.3,1,,,21,0.8569200383521453,0.3925356310443485,-0.28239780292217853
HIPS Fabs/MAC vs FTIR EC,hips_vs_ec,KF,Charcoal Burning,0.3,0,,,41,0.8143183379834296,0.3982996467066488,-0.41257575850403183
HIPS Fabs/MAC vs FTIR EC,hips_vs_ec,GF,Charcoal Burning,0.4,7,0.9799278630151173,0.3878841156379382,15,0.6936112576137377,0.38601339170925264,-0.28239780292217853
HIPS Fabs/MAC vs FTIR EC,hips_vs_ec,KF,Charcoal Burning,0.4,7,0.8351688600512154,0.40150519104662474,34,0.808733950059133,0.40132939400473777,-0.41257575850403183
HIPS Fabs/MAC vs FTIR EC,hips_vs_ec,GF,Charcoal Burning,0.5,11,0.987114999544939,0.3987484689907296,11,0.6299576611525128,0.3804395045857061,-0.28239780292217853
HIPS Fabs/MAC vs FTIR EC,hips_vs_ec,KF,Charcoal Burning,0.5,20,0.7145959973622316,0.40877098542675183,21,0.8053504072251919,0.377446981914036,-0.41257575850403183
HIPS Fabs/MAC vs FTIR EC,hips_vs_ec,GF,Charcoal Burning,0.6,19,0.8491801773963271,0.39626752076839433,3,0.8502622557951274,0.5322835468269824,-0.28239780292217853
HIPS Fabs/MAC vs FTIR EC,hips_vs_ec,KF,Charcoal Burning,0.6,28,0.8174512176817761,0.4038785058039639,13,0.6680237124396563,0.38500312611384496,-0.41257575850403183
HIPS Fabs/MAC vs FTIR EC,hips_vs_ec,GF,Charcoal Burning,0.7,22,0.8550638040187901,0.39392981450790476,0,,,-0.28239780292217853
HIPS Fabs/MAC vs FTIR EC,hips_vs_ec,KF,Charcoal Burning,0.7,34,0.8373697514453784,0.4019547595150618,7,0.6292970108639623,0.37352397042053387,-0.41257575850403183
HIPS Fabs/MAC vs FTIR EC,hips_vs_ec,GF,Wood Burning,0.3,1,,,10,0.7803960941264808,0.476155403779294,0.09470407350776262
HIPS Fabs/MAC vs FTIR EC,hips_vs_ec,KF,Wood Burning,0.3,2,,,22,0.82221757653975,0.3730208044525277,-0.1969658012650402
HIPS Fabs/MAC vs FTIR EC,hips_vs_ec,GF,Wood Burning,0.4,9,0.6736755962840669,0.38599780543915657,2,,,0.09470407350776262
HIPS Fabs/MAC vs FTIR EC,hips_vs_ec,KF,Wood Burning,0.4,8,0.7680970338264098,0.2845748428953215,16,0.9252494706505584,0.4471699333896013,-0.1969658012650402
HIPS Fabs/MAC vs FTIR EC,hips_vs_ec,GF,Wood Burning,0.5,9,0.6736755962840669,0.38599780543915657,2,,,0.09470407350776262
HIPS Fabs/MAC vs FTIR EC,hips_vs_ec,KF,Wood Burning,0.5,17,0.800002727360553,0.3651760770122098,7,0.9726173636804372,0.4733130853399422,-0.1969658012650402
HIPS Fabs/MAC vs FTIR EC,hips_vs_ec,GF,Wood Burning,0.6,11,0.7590126183559976,0.43166941108933365,0,,,0.09470407350776262
HIPS Fabs/MAC vs FTIR EC,hips_vs_ec,KF,Wood Burning,0.6,22,0.7994015803012362,0.37186901377851417,2,,,-0.1969658012650402
HIPS Fabs/MAC vs FTIR EC,hips_vs_ec,GF,Wood Burning,0.7,11,0.7590126183559976,0.43166941108933365,0,,,0.09470407350776262
HIPS Fabs/MAC vs FTIR EC,hips_vs_ec,KF,Wood Burning,0.7,24,0.7864576923821739,0.3805064758617415,0,,,-0.1969658012650402
HIPS Fabs/MAC vs FTIR EC,hips_vs_ec,GF,Fossil Fuel,0.3,0,,,25,0.8361003031124838,0.4400771324078335,0.14589936745778737
HIPS Fabs/MAC vs FTIR EC,hips_vs_ec,KF,Fossil Fuel,0.3,1,,,12,0.3618623262642101,0.34012856591484997,0.013782795151269825
HIPS Fabs/MAC vs FTIR EC,hips_vs_ec,GF,Fossil Fuel,0.4,5,0.9613783366827969,0.44235739696023924,20,0.7617332045043768,0.42195349850477837,0.14589936745778737
HIPS Fabs/MAC vs FTIR EC,hips_vs_ec,KF,Fossil Fuel,0.4,7,0.2410394867525022,0.194006995989971,6,0.7967164245204936,0.828396998995641,0.013782795151269825
HIPS Fabs/MAC vs FTIR EC,hips_vs_ec,GF,Fossil Fuel,0.5,14,0.8925811526723859,0.4678741016359115,11,0.6682323177434147,0.3382731760339595,0.14589936745778737
HIPS Fabs/MAC vs FTIR EC,hips_vs_ec,KF,Fossil Fuel,0.5,9,0.36263375936539394,0.30312327895203867,4,0.49193852041843805,0.6209957906263389,0.013782795151269825
HIPS Fabs/MAC vs FTIR EC,hips_vs_ec,GF,Fossil Fuel,0.6,20,0.852689423323009,0.4648356339402419,5,0.8459631659698686,0.3126243469111288,0.14589936745778737
HIPS Fabs/MAC vs FTIR EC,hips_vs_ec,KF,Fossil Fuel,0.6,11,0.31423781153129615,0.29663042251407346,2,,,0.013782795151269825
HIPS Fabs/MAC vs FTIR EC,hips_vs_ec,GF,Fossil Fuel,0.7,23,0.8376043368337867,0.4413149943255274,2,,,0.14589936745778737
HIPS Fabs/MAC vs FTIR EC,hips_vs_ec,KF,Fossil Fuel,0.7,12,0.3509263823076703,0.3316309071895423,1,,,0.013782795151269825
HIPS Fabs/MAC vs FTIR EC,hips_vs_ec,GF,Polluted Marine,0.3,0,,,23,0.6242209515153704,0.5276323524929103,0.15221150891395369
HIPS Fabs/MAC vs FTIR EC,hips_vs_ec,KF,Polluted Marine,0.3,0,,,21,0.7059476602701372,0.7325694827677047,0.14150907672577837
HIPS Fabs/MAC vs FTIR EC,hips_vs_ec,GF,Polluted Marine,0.4,4,0.8747647109830309,0.5602609605085075,19,0.573991158318539,0.5228554685812132,0.15221150891395369
HIPS Fabs/MAC vs FTIR EC,hips_vs_ec,KF,Polluted Marine,0.4,11,0.5311049254899887,0.6216494594617181,10,0.6733597909344542,0.5970085356205616,0.14150907672577837
HIPS Fabs/MAC vs FTIR EC,hips_vs_ec,GF,Polluted Marine,0.5,16,0.6246530202075009,0.48425184350626294,7,0.5991130143707918,0.6881820908763557,0.15221150891395369
HIPS Fabs/MAC vs FTIR EC,hips_vs_ec,KF,Polluted Marine,0.5,18,0.6945508696068107,0.7240677309737793,3,0.01451074575685489,0.20328050305905665,0.14150907672577837
HIPS Fabs/MAC vs FTIR EC,hips_vs_ec,GF,Polluted Marine,0.6,22,0.6063216901177189,0.5143816658048929,1,,,0.15221150891395369
HIPS Fabs/MAC vs FTIR EC,hips_vs_ec,KF,Polluted Marine,0.6,21,0.7059476602701372,0.7325694827677047,0,,,0.14150907672577837
HIPS Fabs/MAC vs FTIR EC,hips_vs_ec,GF,Polluted Marine,0.7,23,0.6242209515153704,0.5276323524929103,0,,,0.15221150891395369
HIPS Fabs/MAC vs FTIR EC,hips_vs_ec,KF,Polluted Marine,0.7,21,0.7059476602701372,0.7325694827677047,0,,,0.14150907672577837
HIPS Fabs/MAC vs FTIR EC,hips_vs_ec,GF,Sea Salt,0.3,1,,,20,0.819335695677795,0.39294397720647695,0.11520548050806781
HIPS Fabs/MAC vs FTIR EC,hips_vs_ec,GF,Sea Salt,0.4,6,0.9333943734568507,0.45724802021938366,15,0.8111614125367562,0.38645186259350583,0.11520548050806781
HIPS Fabs/MAC vs FTIR EC,hips_vs_ec,GF,Sea Salt,0.5,14,0.8796786253779322,0.3907236875691208,7,0.6778514794958014,0.4428396946595264,0.11520548050806781
HIPS Fabs/MAC vs FTIR EC,hips_vs_ec,GF,Sea Salt,0.6,20,0.8838415307017216,0.41257471960545145,1,,,0.11520548050806781
HIPS Fabs/MAC vs FTIR EC,hips_vs_ec,GF,Sea Salt,0.7,21,0.8402470500189356,0.40191407162616954,0,,,0.11520548050806781
Aeth IR BCc vs FTIR EC,aeth_ir_vs_ec,GF,Charcoal Burning,0.3,1,,,21,0.7369613630860457,1.3005396662543816,0.24551603906854388
Aeth IR BCc vs FTIR EC,aeth_ir_vs_ec,KF,Charcoal Burning,0.3,0,,,38,0.6272627819060067,1.1046484250898918,-0.14099081398043836
Aeth IR BCc vs FTIR EC,aeth_ir_vs_ec,GF,Charcoal Burning,0.4,7,0.8907019198020231,1.1620979282533954,15,0.6867191415229504,1.6586020823168044,0.24551603906854388
Aeth IR BCc vs FTIR EC,aeth_ir_vs_ec,KF,Charcoal Burning,0.4,6,0.7420188382475608,1.762125441989097,32,0.65751283217483,1.1151560582306266,-0.14099081398043836
Aeth IR BCc vs FTIR EC,aeth_ir_vs_ec,GF,Charcoal Burning,0.5,11,0.8151777179389234,0.9627729805538225,11,0.8611391115329667,2.0871221824808535,0.24551603906854388
Aeth IR BCc vs FTIR EC,aeth_ir_vs_ec,KF,Charcoal Burning,0.5,17,0.6443969969767405,1.4227086356259258,21,0.6703748503899853,1.2062834940208615,-0.14099081398043836
Aeth IR BCc vs FTIR EC,aeth_ir_vs_ec,GF,Charcoal Burning,0.6,19,0.722813588161689,1.2368795259520429,3,0.44070785885491803,1.4868513625614466,0.24551603906854388
Aeth IR BCc vs FTIR EC,aeth_ir_vs_ec,KF,Charcoal Burning,0.6,25,0.6015984191065783,0.9927886030411643,13,0.7708331405414145,1.8566530987247771,-0.14099081398043836
Aeth IR BCc vs FTIR EC,aeth_ir_vs_ec,GF,Charcoal Burning,0.7,22,0.7342863585495865,1.3076213028221553,0,,,0.24551603906854388
Aeth IR BCc vs FTIR EC,aeth_ir_vs_ec,KF,Charcoal Burning,0.7,31,0.5606159430214689,0.9391483817661489,7,0.8998084110941688,1.9433890220781453,-0.14099081398043836
Aeth IR BCc vs FTIR EC,aeth_ir_vs_ec,GF,Wood Burning,0.3,1,,,10,0.48844122880021285,1.3754759911719003,0.03516167623865705
Aeth IR BCc vs FTIR EC,aeth_ir_vs_ec,KF,Wood Burning,0.3,2,,,21,0.6151485792403405,0.9666356276641775,0.284997565067295
Aeth IR BCc vs FTIR EC,aeth_ir_vs_ec,GF,Wood Burning,0.4,9,0.4378099771130554,1.3226748780403588,2,,,0.03516167623865705
Aeth IR BCc vs FTIR EC,aeth_ir_vs_ec,KF,Wood Burning,0.4,7,0.44012696603602,0.9401934570938731,16,0.6830443207122923,1.0840425294129288,0.284997565067295
Aeth IR BCc vs FTIR EC,aeth_ir_vs_ec,GF,Wood Burning,0.5,9,0.4378099771130554,1.3226748780403588,2,,,0.03516167623865705
Aeth IR BCc vs FTIR EC,aeth_ir_vs_ec,KF,Wood Burning,0.5,16,0.5494449933099271,0.849295513228622,7,0.7827599972187778,1.4502122138311366,0.284997565067295
Aeth IR BCc vs FTIR EC,aeth_ir_vs_ec,GF,Wood Burning,0.6,11,0.39597629830693726,1.109000853410869,0,,,0.03516167623865705
Aeth IR BCc vs FTIR EC,aeth_ir_vs_ec,KF,Wood Burning,0.6,21,0.6316843576663316,1.0556460403100314,2,,,0.284997565067295
Aeth IR BCc vs FTIR EC,aeth_ir_vs_ec,GF,Wood Burning,0.7,11,0.39597629830693726,1.109000853410869,0,,,0.03516167623865705
Aeth IR BCc vs FTIR EC,aeth_ir_vs_ec,KF,Wood Burning,0.7,23,0.5936201218398814,1.0211370588964046,0,,,0.284997565067295
Aeth IR BCc vs FTIR EC,aeth_ir_vs_ec,GF,Fossil Fuel,0.3,0,,,23,0.6893617993883092,1.1538329653110144,-0.049658869829687896
Aeth IR BCc vs FTIR EC,aeth_ir_vs_ec,KF,Fossil Fuel,0.3,1,,,12,0.5059009482255509,1.2766100261878655,-0.13860433080073314
Aeth IR BCc vs FTIR EC,aeth_ir_vs_ec,GF,Fossil Fuel,0.4,5,0.6444639430956655,1.011710478460097,18,0.7316507733252309,1.2936047772042096,-0.049658869829687896
Aeth IR BCc vs FTIR EC,aeth_ir_vs_ec,KF,Fossil Fuel,0.4,7,0.5833389616913287,1.5573030219620891,6,0.003842535821512277,0.06708427473663037,-0.13860433080073314
Aeth IR BCc vs FTIR EC,aeth_ir_vs_ec,GF,Fossil Fuel,0.5,13,0.75890784889998,1.0804180983874323,10,0.6026432861042583,1.4058474653233124,-0.049658869829687896
Aeth IR BCc vs FTIR EC,aeth_ir_vs_ec,KF,Fossil Fuel,0.5,9,0.4438090323639107,1.2855029806048164,4,0.12827493248015479,0.6533872344100954,-0.13860433080073314
Aeth IR BCc vs FTIR EC,aeth_ir_vs_ec,GF,Fossil Fuel,0.6,18,0.6638040021766702,0.991717083928814,5,0.9450941562650435,2.045344991007721,-0.049658869829687896
Aeth IR BCc vs FTIR EC,aeth_ir_vs_ec,KF,Fossil Fuel,0.6,11,0.4448438920766379,1.3138540394541638,2,,,-0.13860433080073314
Aeth IR BCc vs FTIR EC,aeth_ir_vs_ec,GF,Fossil Fuel,0.7,21,0.6815619410518694,1.1330622829901857,2,,,-0.049658869829687896
Aeth IR BCc vs FTIR EC,aeth_ir_vs_ec,KF,Fossil Fuel,0.7,12,0.3917453531404665,1.2042246172689473,1,,,-0.13860433080073314
Aeth IR BCc vs FTIR EC,aeth_ir_vs_ec,GF,Polluted Marine,0.3,0,,,22,0.47690080555319986,0.6993684888420014,0.1595668028521848
Aeth IR BCc vs FTIR EC,aeth_ir_vs_ec,KF,Polluted Marine,0.3,0,,,20,0.25575424103569805,0.6018566234681293,0.17052880820849373
Aeth IR BCc vs FTIR EC,aeth_ir_vs_ec,GF,Polluted Marine,0.4,4,0.1364105872543131,0.47829380139064764,18,0.5039957017689892,0.7388443397303712,0.1595668028521848
Aeth IR BCc vs FTIR EC,aeth_ir_vs_ec,KF,Polluted Marine,0.4,11,0.14497942773891134,0.5850702123299547,9,0.2462241353174712,0.5401622127446291,0.17052880820849373
Aeth IR BCc vs FTIR EC,aeth_ir_vs_ec,GF,Polluted Marine,0.5,16,0.5791634323962639,0.7795173145724269,6,0.03069592725434762,0.1909505963497867,0.1595668028521848
Aeth IR BCc vs FTIR EC,aeth_ir_vs_ec,KF,Polluted Marine,0.5,17,0.25141044228248216,0.6464749176126114,3,0.3043758780543613,-1.2194455053534476,0.17052880820849373
Aeth IR BCc vs FTIR EC,aeth_ir_vs_ec,GF,Polluted Marine,0.6,21,0.5302865309263824,0.7519766929732532,1,,,0.1595668028521848
Aeth IR BCc vs FTIR EC,aeth_ir_vs_ec,KF,Polluted Marine,0.6,20,0.25575424103569805,0.6018566234681293,0,,,0.17052880820849373
Aeth IR BCc vs FTIR EC,aeth_ir_vs_ec,GF,Polluted Marine,0.7,22,0.47690080555319986,0.6993684888420014,0,,,0.1595668028521848
Aeth IR BCc vs FTIR EC,aeth_ir_vs_ec,KF,Polluted Marine,0.7,20,0.25575424103569805,0.6018566234681293,0,,,0.17052880820849373
Aeth IR BCc vs FTIR EC,aeth_ir_vs_ec,GF,Sea Salt,0.3,0,,,19,0.5424151369082174,1.2892266167847684,0.191503967345583
Aeth IR BCc vs FTIR EC,aeth_ir_vs_ec,GF,Sea Salt,0.4,5,0.021187252417377473,0.4945506697737762,14,0.5750479507799375,1.2505410781547424,0.191503967345583
Aeth IR BCc vs FTIR EC,aeth_ir_vs_ec,GF,Sea Salt,0.5,12,0.5992537878444569,1.0301364150057573,7,0.8861698636702677,2.6610462203498955,0.191503967345583
Aeth IR BCc vs FTIR EC,aeth_ir_vs_ec,GF,Sea Salt,0.6,18,0.5394184166356455,1.2747126844332406,1,,,0.191503967345583
Aeth IR BCc vs FTIR EC,aeth_ir_vs_ec,GF,Sea Salt,0.7,19,0.5424151369082174,1.2892266167847684,0,,,0.191503967345583
Aeth IR BCc vs HIPS Fabs/MAC,aeth_ir_vs_hips,GF,Charcoal Burning,0.3,1,,,21,0.6734625744078467,2.931899239242551,0.32045290463257875
Aeth IR BCc vs HIPS Fabs/MAC,aeth_ir_vs_hips,KF,Charcoal Burning,0.3,0,,,38,0.5490528377339721,2.4579071648724655,0.1345308394718843
Aeth IR BCc vs HIPS Fabs/MAC,aeth_ir_vs_hips,GF,Charcoal Burning,0.4,7,0.9211491833918394,3.0160363861581354,15,0.5483937144867916,3.1978240102025084,0.32045290463257875
Aeth IR BCc vs HIPS Fabs/MAC,aeth_ir_vs_hips,KF,Charcoal Burning,0.4,6,0.9569381631045482,5.212152091455654,32,0.5431488003832152,2.3777810444410545,0.1345308394718843
Aeth IR BCc vs HIPS Fabs/MAC,aeth_ir_vs_hips,GF,Charcoal Burning,0.5,11,0.8341574592120752,2.4266470254955794,11,0.6346484453999086,3.738074050106432,0.32045290463257875
Aeth IR BCc vs HIPS Fabs/MAC,aeth_ir_vs_hips,KF,Charcoal Burning,0.5,17,0.4825523528617453,3.0992148193614244,21,0.629518078065568,2.7792724099496398,0.1345308394718843
Aeth IR BCc vs HIPS Fabs/MAC,aeth_ir_vs_hips,GF,Charcoal Burning,0.6,19,0.6893766229508216,2.80901442109052,3,0.10416791565474977,1.2522543614982298,0.32045290463257875
Aeth IR BCc vs HIPS Fabs/MAC,aeth_ir_vs_hips,KF,Charcoal Burning,0.6,25,0.5184328785914276,2.2354572728119124,13,0.5891622228372851,3.445876491176732,0.1345308394718843
Aeth IR BCc vs HIPS Fabs/MAC,aeth_ir_vs_hips,GF,Charcoal Burning,0.7,22,0.6774290419279043,2.948231435347426,0,,,0.32045290463257875
Aeth IR BCc vs HIPS Fabs/MAC,aeth_ir_vs_hips,KF,Charcoal Burning,0.7,31,0.49262204734862475,2.138970589532546,7,0.6753872960001657,3.5757777826416848,0.1345308394718843
Aeth IR BCc vs HIPS Fabs/MAC,aeth_ir_vs_hips,GF,Wood Burning,0.3,1,,,10,0.22076943611562522,1.715636024897544,-0.006408887738304594
Aeth IR BCc vs HIPS Fabs/MAC,aeth_ir_vs_hips,KF,Wood Burning,0.3,2,,,21,0.503533120354785,2.129299454126574,0.34104646079613155
Aeth IR BCc vs HIPS Fabs/MAC,aeth_ir_vs_hips,GF,Wood Burning,0.4,9,0.23335374765445366,2.0533275771616966,2,,,-0.006408887738304594
Aeth IR BCc vs HIPS Fabs/MAC,aeth_ir_vs_hips,KF,Wood Burning,0.4,7,0.18796836641766723,1.8608559717397446,16,0.5498353285818836,2.092160637029944,0.34104646079613155
Aeth IR BCc vs HIPS Fabs/MAC,aeth_ir_vs_hips,GF,Wood Burning,0.5,9,0.23335374765445366,2.0533275771616966,2,,,-0.006408887738304594
Aeth IR BCc vs HIPS Fabs/MAC,aeth_ir_vs_hips,KF,Wood Burning,0.5,16,0.4287122098330863,1.8339490626831632,7,0.7200576800793026,2.89816687581894,0.34104646079613155
Aeth IR BCc vs HIPS Fabs/MAC,aeth_ir_vs_hips,GF,Wood Burning,0.6,11,0.21108559087141246,1.6341796651034242,0,,,-0.006408887738304594
Aeth IR BCc vs HIPS Fabs/MAC,aeth_ir_vs_hips,KF,Wood Burning,0.6,21,0.4948308112454881,2.246052273796599,2,,,0.34104646079613155
Aeth IR BCc vs HIPS Fabs/MAC,aeth_ir_vs_hips,GF,Wood Burning,0.7,11,0.21108559087141246,1.6341796651034242,0,,,-0.006408887738304594
Aeth IR BCc vs HIPS Fabs/MAC,aeth_ir_vs_hips,KF,Wood Burning,0.7,23,0.4142367782785265,1.9885151526761808,0,,,0.34104646079613155
Aeth IR BCc vs HIPS Fabs/MAC,aeth_ir_vs_hips,GF,Fossil Fuel,0.3,0,,,23,0.5515239126980859,2.183330805329888,-0.11603172450616359
Aeth IR BCc vs HIPS Fabs/MAC,aeth_ir_vs_hips,KF,Fossil Fuel,0.3,1,,,12,0.06655718275544749,0.8189389871985314,-0.11809235134811068
Aeth IR BCc vs HIPS Fabs/MAC,aeth_ir_vs_hips,GF,Fossil Fuel,0.4,5,0.585373713487703,2.1372110758253537,18,0.5596005679597843,2.4008979732420257,-0.11603172450616359
Aeth IR BCc vs HIPS Fabs/MAC,aeth_ir_vs_hips,KF,Fossil Fuel,0.4,7,0.26861586365561274,2.6742694843431325,6,0.009130263101221378,-0.1114209304865399,-0.11809235134811068
Aeth IR BCc vs HIPS Fabs/MAC,aeth_ir_vs_hips,GF,Fossil Fuel,0.5,13,0.7227416990878563,2.1303194482135477,10,0.27382479895240985,2.503885198382328,-0.11603172450616359
Aeth IR BCc vs HIPS Fabs/MAC,aeth_ir_vs_hips,KF,Fossil Fuel,0.5,9,0.13244328075789896,1.3950983036424291,4,0.02364102296298655,-0.31681055270699615,-0.11809235134811068
Aeth IR BCc vs HIPS Fabs/MAC,aeth_ir_vs_hips,GF,Fossil Fuel,0.6,18,0.6064534313715891,1.9183935141362782,5,0.7293073884814015,5.2861230543922195,-0.11603172450616359
Aeth IR BCc vs HIPS Fabs/MAC,aeth_ir_vs_hips,KF,Fossil Fuel,0.6,11,0.08696246562118837,1.0977988144777446,2,,,-0.11809235134811068
Aeth IR BCc vs HIPS Fabs/MAC,aeth_ir_vs_hips,GF,Fossil Fuel,0.7,21,0.5546702159880462,2.160529887499029,2,,,-0.11603172450616359
Aeth IR BCc vs HIPS Fabs/MAC,aeth_ir_vs_hips,KF,Fossil Fuel,0.7,12,0.05541415220375642,0.8090380202646702,1,,,-0.11809235134811068
Aeth IR BCc vs HIPS Fabs/MAC,aeth_ir_vs_hips,GF,Polluted Marine,0.3,0,,,22,0.49281921585459243,1.0650582928706798,0.023793450473717243
Aeth IR BCc vs HIPS Fabs/MAC,aeth_ir_vs_hips,KF,Polluted Marine,0.3,0,,,20,0.14812974816320548,0.5295007199726229,0.08344206521175422
Aeth IR BCc vs HIPS Fabs/MAC,aeth_ir_vs_hips,GF,Polluted Marine,0.4,4,0.4536235039588545,1.4560415006757563,18,0.47894721330947293,1.0410563670608552,0.023793450473717243
Aeth IR BCc vs HIPS Fabs/MAC,aeth_ir_vs_hips,KF,Polluted Marine,0.4,11,0.05446095995304804,0.42038000122867,9,0.08281448862861836,0.4225445066067545,0.08344206521175422
Aeth IR BCc vs HIPS Fabs/MAC,aeth_ir_vs_hips,GF,Polluted Marine,0.5,16,0.6537701729036257,1.3517173562907105,6,0.06220578606765307,0.2941910603462402,0.023793450473717243
Aeth IR BCc vs HIPS Fabs/MAC,aeth_ir_vs_hips,KF,Polluted Marine,0.5,17,0.16514483759481724,0.6128322916451829,3,0.7999976275662494,-1.17152286907304,0.08344206521175422
Aeth IR BCc vs HIPS Fabs/MAC,aeth_ir_vs_hips,GF,Polluted Marine,0.6,21,0.5669370075598646,1.1786437007876776,1,,,0.023793450473717243
Aeth IR BCc vs HIPS Fabs/MAC,aeth_ir_vs_hips,KF,Polluted Marine,0.6,20,0.14812974816320548,0.5295007199726229,0,,,0.08344206521175422
Aeth IR BCc vs HIPS Fabs/MAC,aeth_ir_vs_hips,GF,Polluted Marine,0.7,22,0.49281921585459243,1.0650582928706798,0,,,0.023793450473717243
Aeth IR BCc vs HIPS Fabs/MAC,aeth_ir_vs_hips,KF,Polluted Marine,0.7,20,0.14812974816320548,0.5295007199726229,0,,,0.08344206521175422
Aeth IR BCc vs HIPS Fabs/MAC,aeth_ir_vs_hips,GF,Sea Salt,0.3,0,,,19,0.41381431864972007,2.5681122473646343,0.18628471364279764
Aeth IR BCc vs HIPS Fabs/MAC,aeth_ir_vs_hips,GF,Sea Salt,0.4,5,0.009603780071548005,-0.6188683000240327,14,0.4456787308925066,2.5423986138680057,0.18628471364279764
Aeth IR BCc vs HIPS Fabs/MAC,aeth_ir_vs_hips,GF,Sea Salt,0.5,12,0.5261801982297619,2.350777801580083,7,0.4837027234778218,3.6551392543304146,0.18628471364279764
Aeth IR BCc vs HIPS Fabs/MAC,aeth_ir_vs_hips,GF,Sea Salt,0.6,18,0.4729013929866567,2.7494301167303803,1,,,0.18628471364279764
Aeth IR BCc vs HIPS Fabs/MAC,aeth_ir_vs_hips,GF,Sea Salt,0.7,19,0.41381431864972007,2.5681122473646343,0,,,0.18628471364279764
