site,n,median,p25,p75,network,ratio
MAPA1,81,8.147025388404698,6.314580941446613,11.712749615975422,IMPROVE,Fabs_EC
PETE1,439,8.402725208175626,5.119156679816279,13.905162222514122,IMPROVE,Fabs_EC
RUBI1,103,8.955816910362365,7.479192663096983,10.48520772696575,IMPROVE,Fabs_EC
NEYO1,682,8.965606493378552,7.689507510797872,10.765758903683343,IMPROVE,Fabs_EC
SAWT1,2175,9.116022099447514,6.350601747118558,13.087206990354128,IMPROVE,Fabs_EC
COHI1,411,9.313725490196079,7.841889371211616,11.047092358479258,IMPROVE,Fabs_EC
HAVO1,1774,9.32768361581921,4.992244291667214,18.253968253968253,IMPROVE,Fabs_EC
MONT1,2252,9.33388580532429,6.4279585972530775,12.948802914906715,IMPROVE,Fabs_EC
PASA1,2055,9.367016747090549,6.3229615763667395,13.834089516345733,IMPROVE,Fabs_EC
ATLA1,828,9.374421129372747,7.961262093623739,11.074935538383862,IMPROVE,Fabs_EC
SIKE1,896,9.42166015500809,7.711583497884008,11.725605445260834,IMPROVE,Fabs_EC
OLTO1,382,9.436727665131963,7.850403695677402,11.439273711725168,IMPROVE,Fabs_EC
SULA1,2035,9.44064196365353,6.37172326708356,13.37118858153341,IMPROVE,Fabs_EC
GAMO1,1576,9.46312420807361,6.5069174537741805,13.606441978837168,IMPROVE,Fabs_EC
LIVO1,926,9.465876750557396,7.6953819476662675,11.4575090554472,IMPROVE,Fabs_EC
BRLA1,94,9.499997540965282,6.759855259721075,12.5787025685894,IMPROVE,Fabs_EC
ADPI1,888,9.509411746134798,7.868392588420341,11.665162583298757,IMPROVE,Fabs_EC
BALT1,290,9.5607661197295,7.745303877013912,11.013125316279895,IMPROVE,Fabs_EC
FLAT1,2275,9.605357044843297,7.034953401946707,13.114502356305634,IMPROVE,Fabs_EC
NOCA1,2061,9.703302855010264,6.28997867803838,14.092626993786434,IMPROVE,Fabs_EC
SPOK1,246,9.74381721984737,7.506494888566827,12.86922703066067,IMPROVE,Fabs_EC
CADI1,900,9.791198474044506,8.02151734450805,11.88003310741332,IMPROVE,Fabs_EC
MKGO1,944,9.84725865303717,8.246253873655142,11.664226903073986,IMPROVE,Fabs_EC
TRCR1,2287,9.896907216494844,5.973856036374211,16.152812376402668,IMPROVE,Fabs_EC
CABI1,2286,9.96895135771167,7.3181113479693245,13.551702484185366,IMPROVE,Fabs_EC
DETR1,192,10.01734584157882,8.301053171768537,12.34977206438905,IMPROVE,Fabs_EC
BLIS2,434,10.028609576310505,7.227593627612128,13.674356770087286,IMPROVE,Fabs_EC
BIRM1,2294,10.040842240390713,7.964681358866994,12.38147580738775,IMPROVE,Fabs_EC
CHIC1,213,10.066365612978759,8.387555917039446,12.035243198680956,IMPROVE,Fabs_EC
AREN1,939,10.14136447449293,8.16103782771005,12.608218761538629,IMPROVE,Fabs_EC
YELL2,2255,10.2184637068358,6.883237207882965,14.2402158331167,IMPROVE,Fabs_EC
LASU1,212,10.233971316758991,8.210523371025642,12.84852038327,IMPROVE,Fabs_EC
NOAB1,1897,10.365379632029024,6.741573033707865,15.122089552238805,IMPROVE,Fabs_EC
KALM1,2428,10.442738705552111,7.628188498443693,14.365362664911347,IMPROVE,Fabs_EC
PITT1,806,10.469874864867561,8.920014026646449,12.193228986536177,IMPROVE,Fabs_EC
BRMA1,1493,10.503007518796991,8.324914124065469,12.9945625,IMPROVE,Fabs_EC
VOYA2,2352,10.50324256675934,7.617264115209759,13.884611979248735,IMPROVE,Fabs_EC
ZION1,182,10.521670167663196,8.897849271566432,12.069255352304332,IMPROVE,Fabs_EC
TRIN1,2002,10.533279173948404,7.591691701844151,14.253934004469615,IMPROVE,Fabs_EC
LIGO1,2505,10.534591194968552,8.61095071925288,12.9582806573957,IMPROVE,Fabs_EC
BYIS1,515,10.534591194968552,8.450794382670187,12.8361554255007,IMPROVE,Fabs_EC
LABE1,2237,10.555555555555557,7.286482627320324,14.465408805031446,IMPROVE,Fabs_EC
BRET1,236,10.567579287213785,8.321459595186168,14.132206183501212,IMPROVE,Fabs_EC
FCPC1,939,10.572421084428333,8.53674285687648,13.598470956048022,IMPROVE,Fabs_EC
LYBR1,1014,10.58538872520361,8.133819040125886,13.561504328217065,IMPROVE,Fabs_EC
STAR1,2388,10.602399776586893,7.511490584416379,14.515560044108263,IMPROVE,Fabs_EC
BRID1,2260,10.62059679426654,7.086215690650005,15.418541131105398,IMPROVE,Fabs_EC
EGBE1,2236,10.62782495548555,8.831341326452264,12.793350378315456,IMPROVE,Fabs_EC
MOZI1,2174,10.665566105448804,7.442614861032332,15.318730910629387,IMPROVE,Fabs_EC
YOSE1,2351,10.665897953300663,7.7422589889425,13.968327411936436,IMPROVE,Fabs_EC
SHEN1,2492,10.697044086454287,8.44284645299557,13.285222099175586,IMPROVE,Fabs_EC
DINO1,705,10.749385749385748,8.451554482342287,14.052978485263026,IMPROVE,Fabs_EC
HECA1,2287,10.80246913580247,8.097417663781567,13.784980543402893,IMPROVE,Fabs_EC
THSI1,2187,10.830324909747292,7.592868334930866,14.814814814814815,IMPROVE,Fabs_EC
ISLE1,2389,10.838445807770961,8.027603689880994,14.278799612778316,IMPROVE,Fabs_EC
ULBE1,2097,10.849517196484756,7.659256491686904,14.870180959874116,IMPROVE,Fabs_EC
WHPA1,1959,10.860927152317881,7.006369426751593,15.901508462915011,IMPROVE,Fabs_EC
TUXE1,965,10.951188986232792,6.160458452722063,20.32520325203252,IMPROVE,Fabs_EC
BOWA1,2308,10.962767145933544,7.879640448395347,14.640756936122447,IMPROVE,Fabs_EC
WASH1,1304,10.99294730214569,8.992126642357878,13.103802303747448,IMPROVE,Fabs_EC
GRSM1,2537,11.005909888823874,9.015652892561983,13.440378481058028,IMPROVE,Fabs_EC
SOGP1,590,11.013306426975273,9.301060222523589,13.15572768262638,IMPROVE,Fabs_EC
SENE1,2453,11.034482758620689,8.37129840546697,14.233576642335766,IMPROVE,Fabs_EC
QUCI1,2540,11.086986752194314,9.334226716066576,13.016636596287317,IMPROVE,Fabs_EC
CLPE1,1171,11.095305832147938,7.389481882552666,16.164011806862632,IMPROVE,Fabs_EC
GRGU1,2374,11.11111111111111,8.28491082296793,14.547363347231279,IMPROVE,Fabs_EC
DENA1,2092,11.111943698381285,6.632016053532549,18.079103745297935,IMPROVE,Fabs_EC
MORA1,2418,11.15410800238496,8.2253135340968,14.426592003239497,IMPROVE,Fabs_EC
PMRF1,2561,11.196451344607707,8.906666666666666,13.946015424164525,IMPROVE,Fabs_EC
OLYM1,2475,11.19800924280128,7.957090309037364,15.596496657382541,IMPROVE,Fabs_EC
GLAC1,2482,11.20263018684155,9.12426727756747,13.42282896863081,IMPROVE,Fabs_EC
CRLA1,2335,11.214953271028037,7.985630564988101,15.171895251186914,IMPROVE,Fabs_EC
LASU2,2087,11.233053582956746,9.263047646341523,13.320249171237641,IMPROVE,Fabs_EC
LAVO1,2277,11.234866828087167,7.894454713493531,15.12367491166078,IMPROVE,Fabs_EC
CACR1,2474,11.238492677531298,9.222090098955771,13.837959264716451,IMPROVE,Fabs_EC
BOND1,2568,11.247165901628742,9.40062863011141,13.15763844227881,IMPROVE,Fabs_EC
CABA1,2512,11.260838476278002,9.151941559660784,13.52773114659999,IMPROVE,Fabs_EC
ACAD1,2543,11.279908849221423,8.649150723038197,14.79920409177988,IMPROVE,Fabs_EC
NOCH1,2300,11.290604385166507,8.004715925783385,15.223747472433836,IMPROVE,Fabs_EC
DOSO1,2598,11.2923151547846,9.21105707345798,13.806813398115121,IMPROVE,Fabs_EC
BALA1,613,11.330506228465412,8.34403080872914,14.489990467111536,IMPROVE,Fabs_EC
SIPS1,2372,11.346182989957965,9.332213636802123,13.626118507270453,IMPROVE,Fabs_EC
CRMO1,2314,11.44601463832166,8.25228554755884,16.481879368729714,IMPROVE,Fabs_EC
JARI1,2582,11.499037030951925,9.604120701986657,13.575799074220692,IMPROVE,Fabs_EC
VILA1,2305,11.499647969960103,9.429228517666736,13.59506138586391,IMPROVE,Fabs_EC
UPBU1,2411,11.505321844906234,9.374013741234016,14.11674596677496,IMPROVE,Fabs_EC
MAKA2,1021,11.518093556928507,7.076923076923077,18.18181818181818,IMPROVE,Fabs_EC
ROMO1,2412,11.518541948307885,8.32883304276339,15.356945634854435,IMPROVE,Fabs_EC
LTCC1,1217,11.54621965639563,9.470344913382888,14.067749160134376,IMPROVE,Fabs_EC
HOOV1,2148,11.547142740660199,7.918224903828131,16.904649475573677,IMPROVE,Fabs_EC
OMAH1,513,11.549217002237137,9.193408499566349,13.5000901306895,IMPROVE,Fabs_EC
MOOS1,2394,11.596967378920581,8.729007676024874,15.171044435280697,IMPROVE,Fabs_EC
SEQU1,2503,11.609782316581565,9.0933935397845,14.445098442332021,IMPROVE,Fabs_EC
FOCO1,522,11.6179595938431,9.904241175311997,13.730173070729998,IMPROVE,Fabs_EC
SHRO1,2206,11.639862405185983,9.11298647989196,14.690315470159057,IMPROVE,Fabs_EC
GICL1,2305,11.66294100495675,8.274340351199779,16.188870151770658,IMPROVE,Fabs_EC
HEGL1,2569,11.70423092131277,9.771402958314656,13.896457765667574,IMPROVE,Fabs_EC
MING1,2078,11.704545842333903,9.797719716427391,13.905066930969252,IMPROVE,Fabs_EC
MOHO1,2109,11.740534194305841,8.00468566966029,16.395418927064497,IMPROVE,Fabs_EC
HOUS1,155,11.766047381546134,10.136086833559284,14.709616996856335,IMPROVE,Fabs_EC
WICA1,2441,11.78413258110014,8.653846153846153,15.460729746444033,IMPROVE,Fabs_EC
WIMO1,2326,11.806848888090283,9.439647726297636,14.926821892185863,IMPROVE,Fabs_EC
FRRE1,2427,11.820330969267138,9.988177906488499,14.0075849291951,IMPROVE,Fabs_EC
BAND1,2496,11.82130298355827,9.107774566833996,15.403732572012412,IMPROVE,Fabs_EC
PENO1,2087,11.822449850618865,9.696737701268205,14.236218300451569,IMPROVE,Fabs_EC
COHU1,2272,11.836292020320357,9.754259100379947,14.373105649684083,IMPROVE,Fabs_EC
BOLA1,1642,11.848916309651111,7.98484806839821,17.11824966305452,IMPROVE,Fabs_EC
GRBA1,2329,11.856243052982586,7.807308970099668,16.816816816816818,IMPROVE,Fabs_EC
BRIG1,2402,11.860144816901938,9.787425578220438,14.356388000678617,IMPROVE,Fabs_EC
HILL1,266,11.865207336920419,8.317949865431558,16.41044010840374,IMPROVE,Fabs_EC
BLIS1,1833,11.896178803172315,9.080536529680366,15.671981776765376,IMPROVE,Fabs_EC
GRRI1,2564,11.909810818921603,9.84795844046251,14.326410903242651,IMPROVE,Fabs_EC
FOPE1,2161,11.914217633042096,8.869842535379709,15.357222345871355,IMPROVE,Fabs_EC
CHER1,853,11.921708185053381,9.94550408719346,14.443462897526503,IMPROVE,Fabs_EC
SAFO1,959,11.933937133724028,9.893315174214052,14.112816255403587,IMPROVE,Fabs_EC
JARB1,2223,11.934011934011934,7.732704170660375,17.31485927880387,IMPROVE,Fabs_EC
WHPE1,2205,11.936680327868851,8.13528921914035,16.94178974804518,IMPROVE,Fabs_EC
BRCA1,2349,11.947739384562489,8.510916887623164,16.40625,IMPROVE,Fabs_EC
OKEF1,2550,11.952750499589294,9.71290380217106,14.979097526928854,IMPROVE,Fabs_EC
GRSA1,2453,11.953057084902927,8.559498956158663,16.12903225806452,IMPROVE,Fabs_EC
STIL1,1692,11.986830639627513,9.999274375897121,14.46708619522372,IMPROVE,Fabs_EC
LYEB1,1422,12.009778483840197,9.513893119147852,15.241037610672842,IMPROVE,Fabs_EC
BALD1,2389,12.010569300984866,8.59106529209622,16.179001721170394,IMPROVE,Fabs_EC
WEMI1,2527,12.054120541205412,8.924745337440045,16.299081326085822,IMPROVE,Fabs_EC
MACA1,2582,12.062344798169073,10.096565772421908,14.265917968451305,IMPROVE,Fabs_EC
KAIS1,1984,12.073576786157439,8.667625011087296,16.12617418973763,IMPROVE,Fabs_EC
GAAR1,596,12.117304959596078,7.327802017023103,21.041846419327005,IMPROVE,Fabs_EC
BADL1,2564,12.129644961384553,8.860860845980975,16.001133120698338,IMPROVE,Fabs_EC
ELDO1,1483,12.145435791645179,9.891898416120057,14.616685116034947,IMPROVE,Fabs_EC
MOMO1,2581,12.168252378567853,9.985528219971057,14.895013123359579,IMPROVE,Fabs_EC
ELLI1,1451,12.1799844840962,9.641534393330897,15.354458783088027,IMPROVE,Fabs_EC
SIAN1,1239,12.182410423452769,9.500354532584748,15.380895700044636,IMPROVE,Fabs_EC
WHRI1,2434,12.224459773138536,8.37185065862439,17.861672177504957,IMPROVE,Fabs_EC
CRES1,1490,12.226226138285258,9.154653776715193,15.477353789026235,IMPROVE,Fabs_EC
SAPE1,2165,12.231126107127794,8.390267289943665,17.532467532467532,IMPROVE,Fabs_EC
MEVE1,2440,12.23463870227757,8.894272884992143,16.49905541561713,IMPROVE,Fabs_EC
ROMA1,2518,12.263007504647806,9.569657077637963,15.784916904454887,IMPROVE,Fabs_EC
MELA1,2400,12.295896334424732,9.190830020458456,15.769583719859892,IMPROVE,Fabs_EC
CAPI1,2379,12.297734627831716,8.720925820886116,16.74761225502357,IMPROVE,Fabs_EC
REDW1,2087,12.303664921465968,8.007992498835284,18.39286914864026,IMPROVE,Fabs_EC
WHIT1,2361,12.313104661389621,8.986013986013987,17.19544683942843,IMPROVE,Fabs_EC
NEBR1,2071,12.317880794701988,9.598990208078336,15.876422099598065,IMPROVE,Fabs_EC
SWAN1,2157,12.340842311459355,9.817269795772125,16.231498420089807,IMPROVE,Fabs_EC
FLTO1,983,12.343842950624628,8.598243668040912,18.108411826404314,IMPROVE,Fabs_EC
QURE1,1513,12.375533428165006,10.178117048346056,14.768552534900806,IMPROVE,Fabs_EC
CEBL1,2567,12.40981240981241,9.622120882935222,15.700926517020653,IMPROVE,Fabs_EC
LOST1,2446,12.415343955878232,9.825041443500222,15.396350922512958,IMPROVE,Fabs_EC
BLMO1,1451,12.418300653594772,10.071935769451567,14.80675683760487,IMPROVE,Fabs_EC
INGA1,1057,12.418300653594773,9.16030534351145,16.51439645625692,IMPROVE,Fabs_EC
DOME1,2257,12.433997615397718,9.268198493917744,15.596947935368041,IMPROVE,Fabs_EC
TALL1,2560,12.434016988711964,10.085408501083116,15.097257229397732,IMPROVE,Fabs_EC
PACK1,2016,12.465716913369487,9.838501109521214,15.369440230485832,IMPROVE,Fabs_EC
PRIS1,2570,12.47694624895636,10.176216759101806,15.082760666435952,IMPROVE,Fabs_EC
SAMA1,2364,12.48167068086287,9.9485726283821,16.167224507567724,IMPROVE,Fabs_EC
FRES1,2271,12.486486486486484,9.406219778119258,15.53236644838384,IMPROVE,Fabs_EC
LOND1,1629,12.507015152729897,10.520064477814541,14.55078125,IMPROVE,Fabs_EC
BRIS1,1733,12.595196250732277,10.206871411646771,16.079418344519016,IMPROVE,Fabs_EC
HALE1,971,12.612612612612612,8.339500162284972,18.836516791459708,IMPROVE,Fabs_EC
SNPA1,2425,12.61744966442953,9.452126728513916,16.33393829401089,IMPROVE,Fabs_EC
THRO1,2456,12.680300531658588,9.867133656002785,15.898519091362452,IMPROVE,Fabs_EC
GRCA2,2389,12.747875354107647,8.98876404494382,17.82178217821782,IMPROVE,Fabs_EC
PUSO1,2453,12.751330573625074,10.581627106359848,15.14591799039527,IMPROVE,Fabs_EC
THBA1,1606,12.811344396602465,10.220356231974465,15.840021749186436,IMPROVE,Fabs_EC
FOCO2,97,12.854507724233342,10.231398291099785,14.616468693376284,IMPROVE,Fabs_EC
SHMI1,2270,12.884097810092838,9.704822228443447,17.395746122920585,IMPROVE,Fabs_EC
CACO1,2355,13.05445366029571,10.078867590824022,17.17259572204935,IMPROVE,Fabs_EC
CANY1,2361,13.059701492537313,9.405862987929142,17.65489673550966,IMPROVE,Fabs_EC
ZICA1,2385,13.09342105263158,9.800318510351588,17.430600387346676,IMPROVE,Fabs_EC
PORE1,1872,13.096532273617076,8.442242655349265,19.135060129509714,IMPROVE,Fabs_EC
COGO1,993,13.134765624999998,10.865428416485901,15.339074273412272,IMPROVE,Fabs_EC
OWVL1,1284,13.149272474379714,10.017422808506076,17.92683203020108,IMPROVE,Fabs_EC
BOAP1,2342,13.182827892361232,10.493357269429524,16.612421329281638,IMPROVE,Fabs_EC
WARI1,274,13.234389011383293,10.448808606251962,16.11461714427918,IMPROVE,Fabs_EC
SAGO1,2488,13.300029321875247,10.538772697730026,16.392364727424493,IMPROVE,Fabs_EC
NOGA1,1010,13.352041971235606,10.89802360874016,15.764518679458531,IMPROVE,Fabs_EC
SACR1,2456,13.362202910353401,10.60473845778045,17.30015688859391,IMPROVE,Fabs_EC
CHAS1,2288,13.406207425659659,11.0475241614287,16.565547000903315,IMPROVE,Fabs_EC
MAKA1,463,13.43460716828863,10.619049449634158,17.10310849103621,IMPROVE,Fabs_EC
PINN1,2506,13.592072082510594,10.695362304789146,17.188353514202475,IMPROVE,Fabs_EC
KPBO1,987,13.722126929674099,9.806871748725957,19.627592275687554,IMPROVE,Fabs_EC
PHOE1,2518,13.771913961230057,10.960073776941107,16.972691830543695,IMPROVE,Fabs_EC
IKBA1,2166,13.792882890327748,10.778007889262755,18.385221305326333,IMPROVE,Fabs_EC
SAGA1,1731,13.839602555003548,10.79973225112779,17.24900823924321,IMPROVE,Fabs_EC
CHIR1,2463,13.864818024263432,10.18778969841184,18.68264093214443,IMPROVE,Fabs_EC
PEFO1,2422,13.927309173490706,11.434581113875158,16.94995354202044,IMPROVE,Fabs_EC
BIBE1,2454,13.991873220599658,10.709768730426404,18.20397888697851,IMPROVE,Fabs_EC
CORI1,2557,14.00717955937214,11.377245508982035,17.33490566037736,IMPROVE,Fabs_EC
PHOE5,2277,14.069111424541608,11.128165771297006,17.25817675713292,IMPROVE,Fabs_EC
JOSH1,2501,14.147286821705427,11.031738855231033,17.450404114621602,IMPROVE,Fabs_EC
MAVI1,2419,14.184397163120567,11.092487485822758,18.321027873471106,IMPROVE,Fabs_EC
GUMO1,2380,14.188941730246686,10.751030719046453,18.99788353828577,IMPROVE,Fabs_EC
AGTI1,1992,14.207741664516682,11.346404040745885,17.11088586403842,IMPROVE,Fabs_EC
EVER1,2378,14.244691795737427,11.206134858293401,18.510361690992365,IMPROVE,Fabs_EC
RAFA1,1977,14.268632921482663,10.606060606060607,19.047619047619047,IMPROVE,Fabs_EC
TONT1,2458,14.285714285714285,11.086061868820806,18.439436407460363,IMPROVE,Fabs_EC
SYCA1,1367,14.357682619647354,11.452434669072744,18.91146446800157,IMPROVE,Fabs_EC
CAVE1,773,14.386061777246097,11.842105263157896,18.266313819144127,IMPROVE,Fabs_EC
TOOL1,575,14.62145676354503,8.97071647470668,22.295302676256377,IMPROVE,Fabs_EC
SIME1,1889,14.76510067114094,9.546728971962617,22.15868477483917,IMPROVE,Fabs_EC
QUVA1,1479,14.815762996087198,11.992719006750434,18.176739324658662,IMPROVE,Fabs_EC
MEAD1,1920,14.913380504344603,11.184576088904821,20.02922005388002,IMPROVE,Fabs_EC
HACR1,1326,15.202470830473576,8.125,27.32749550283406,IMPROVE,Fabs_EC
WRIG1,346,15.366584242779142,13.051979805009223,18.316698233507108,IMPROVE,Fabs_EC
SAGU1,2513,15.483532344836634,12.445811774576981,18.79194630872483,IMPROVE,Fabs_EC
DEVA1,1121,15.57496360989811,11.320754716981131,20.555555555555557,IMPROVE,Fabs_EC
SYCA2,972,15.917883213560287,12.747286114410102,20.64007265363734,IMPROVE,Fabs_EC
DOUG1,1332,16.01514582950938,13.302824941704397,19.386173710078612,IMPROVE,Fabs_EC
SAWE1,2454,16.272109306239976,13.68643996500202,19.80512298448612,IMPROVE,Fabs_EC
ORPI1,2496,16.39627731632361,12.597140879434853,22.451707955909637,IMPROVE,Fabs_EC
RICR1,64,16.86489101464091,13.213996145088387,22.14224664224664,IMPROVE,Fabs_EC
VIIS1,2021,16.88888888888889,10.86350974930362,27.635941320293398,IMPROVE,Fabs_EC
NEYO1,682,1.3208392434526748,1.0125069416381154,1.7429329438585377,IMPROVE,OC_EC
RUBI1,103,2.0936828534593896,1.6485956514670974,2.620862556151282,IMPROVE,OC_EC
WASH1,1304,2.225515541792295,1.6314501918338462,2.969188406825567,IMPROVE,OC_EC
NOGA1,1009,2.4477258861760274,1.9962409282517057,3.1645124929551005,IMPROVE,OC_EC
BALT1,290,2.5035934329459506,1.984039169806695,2.99609375,IMPROVE,OC_EC
CHIC1,213,2.5308072763852794,1.9542602942853884,3.4548140043763675,IMPROVE,OC_EC
DETR1,192,2.5865458519588422,1.910141457450978,3.634698594399335,IMPROVE,OC_EC
BYIS1,515,2.6469788428062944,1.9411361557653324,3.5408220456551542,IMPROVE,OC_EC
BIRM1,2294,2.8294277531525136,2.1958527999854347,3.6770208514009384,IMPROVE,OC_EC
PUSO1,2453,2.9446611409068746,2.3943941511229925,3.7475271411338964,IMPROVE,OC_EC
BRET1,236,2.9950882270974555,2.313369120014483,3.8440354440566478,IMPROVE,OC_EC
PHOE1,2518,3.018899143122086,2.3889837118519077,4.083003977899226,IMPROVE,OC_EC
PHOE5,2276,3.03456317233526,2.414571655056452,4.067851191764607,IMPROVE,OC_EC
ZION1,182,3.0462917933130704,2.3483652772338974,4.1718751866115795,IMPROVE,OC_EC
PITT1,806,3.0701468332713313,2.4617800813884934,3.8366187684061934,IMPROVE,OC_EC
OLTO1,382,3.1100640640536312,2.3755866351460906,4.05633877503922,IMPROVE,OC_EC
HOUS1,155,3.1775256222547585,2.4503659584470032,4.191809043804158,IMPROVE,OC_EC
SIME1,1779,3.251551043429216,1.4946158984249625,6.4712632074836804,IMPROVE,OC_EC
VIIS1,1963,3.263615295480881,1.8551018465638682,6.275249979565704,IMPROVE,OC_EC
FOCO2,97,3.275345723597287,2.7186130811662728,5.852411863023283,IMPROVE,OC_EC
ATLA1,828,3.2836335094685785,2.509809581311422,4.156077864607433,IMPROVE,OC_EC
MKGO1,944,3.3572240305267047,2.778065773444035,3.9902684187054014,IMPROVE,OC_EC
AREN1,939,3.433726067746686,2.7296760519727115,4.335564573738847,IMPROVE,OC_EC
LIVO1,926,3.4592931970972747,2.802364044642582,4.229265873854293,IMPROVE,OC_EC
COHI1,411,3.4764031850844823,2.87502516862982,4.382284992036742,IMPROVE,OC_EC
QUCI1,2540,3.5753262241892463,2.8798622286986015,4.537669178675653,IMPROVE,OC_EC
PEFO1,2422,3.580701515151515,2.4505997609493724,5.297238301890977,IMPROVE,OC_EC
ADPI1,888,3.5989356405513253,2.9974176106545873,4.43878247203476,IMPROVE,OC_EC
BOND1,2568,3.7157447669127315,2.985668564132837,4.802963978614676,IMPROVE,OC_EC
FRRE1,2427,3.795098978288633,3.0065254706058813,4.890907159549608,IMPROVE,OC_EC
EGBE1,2236,3.921319590246177,3.0640014892520195,5.284537066533701,IMPROVE,OC_EC
VILA1,2304,4.000001657005404,3.2088125696479093,5.1388848069590365,IMPROVE,OC_EC
SAFO1,959,4.0236406619385345,3.297940227909434,5.071612633238658,IMPROVE,OC_EC
SAWE1,2454,4.026263144588732,2.8680435177983714,5.687211784743556,IMPROVE,OC_EC
DOUG1,1332,4.049516709500355,3.152981142035423,5.576042984618879,IMPROVE,OC_EC
JARI1,2582,4.050624600074956,3.289537113402062,5.1120432524729695,IMPROVE,OC_EC
LASU1,212,4.083485777677977,3.269278340294929,5.1976387769653645,IMPROVE,OC_EC
SYCA1,1367,4.090757701915071,2.8934832805800377,5.8239945538111275,IMPROVE,OC_EC
BLMO1,1451,4.108835341365461,3.160314252640789,5.345042142533908,IMPROVE,OC_EC
HACR1,1181,4.143572621035059,2.404494382022472,7.76991150442478,IMPROVE,OC_EC
SYCA2,972,4.179125804974194,2.892753579540671,6.291313347233821,IMPROVE,OC_EC
BRIS1,1733,4.201063829787234,3.224034334763948,5.444258926277935,IMPROVE,OC_EC
LYBR1,1010,4.2139353151052195,3.343287760686835,5.566884392038654,IMPROVE,OC_EC
AGTI1,1992,4.215641070296023,3.211363465776311,5.598676957204327,IMPROVE,OC_EC
SAGU1,2513,4.225808735046365,3.1484257871064467,5.873053455969402,IMPROVE,OC_EC
QUVA1,1479,4.231032515687393,3.230462576827705,5.957117098171723,IMPROVE,OC_EC
OMAH1,513,4.241333333333333,3.3712006079027357,5.443808532778355,IMPROVE,OC_EC
SNPA1,2409,4.243184296619411,2.864229765013055,6.037150988385509,IMPROVE,OC_EC
QURE1,1513,4.291445874337623,3.4512957998212688,5.648421052631578,IMPROVE,OC_EC
LOND1,1629,4.303189374055515,3.4626035066545975,5.6639361048535735,IMPROVE,OC_EC
LASU2,2087,4.336582568807339,3.462773070828926,5.562101286105387,IMPROVE,OC_EC
CADI1,900,4.339381227146893,3.4392911897959295,5.43518456372292,IMPROVE,OC_EC
BRIG1,2402,4.35214090800913,3.3728588344706028,6.045921059386679,IMPROVE,OC_EC
FRES1,2271,4.378533270219096,3.4058255310633174,5.8775339854497615,IMPROVE,OC_EC
LOST1,2446,4.382489567150994,2.9182789029422076,6.50097510499462,IMPROVE,OC_EC
FOCO1,522,4.398841596996982,3.0329393233790123,6.52166304497316,IMPROVE,OC_EC
MOMO1,2581,4.436329588014981,3.493123772102161,5.939297124600639,IMPROVE,OC_EC
GRRI1,2563,4.478288531891205,3.5545482487666744,5.759257397499153,IMPROVE,OC_EC
PRIS1,2569,4.481343283582089,3.2994201370585134,6.351560072788603,IMPROVE,OC_EC
SHEN1,2488,4.491479588175289,3.5063695869562563,5.890408504538939,IMPROVE,OC_EC
CAVE1,773,4.528128853267572,3.1595539218740263,6.526139519686326,IMPROVE,OC_EC
CHAS1,2288,4.541709600038718,3.532551030214398,5.9832604170496095,IMPROVE,OC_EC
WRIG1,346,4.549308272235033,2.7592255904377883,5.998381187086006,IMPROVE,OC_EC
COGO1,993,4.550802139037434,3.6449925261584455,5.82520699172033,IMPROVE,OC_EC
CABA1,2512,4.575212341868282,3.6392474464708346,5.931026145761289,IMPROVE,OC_EC
MACA1,2582,4.583118613715369,3.6531074817966784,5.853033323981147,IMPROVE,OC_EC
PENO1,2087,4.585295547683545,3.5753892533092944,6.2931778329020815,IMPROVE,OC_EC
CORI1,2556,4.623926521461308,3.3975355000451577,6.489215157781938,IMPROVE,OC_EC
CHER1,853,4.629339039467428,3.6664637857577604,5.824029126213592,IMPROVE,OC_EC
MING1,2078,4.6613164359649595,3.7903091154356874,5.853418049832486,IMPROVE,OC_EC
ELDO1,1483,4.745614035087719,3.9469041177899564,6.02239317093027,IMPROVE,OC_EC
DOSO1,2598,4.778842820644018,3.785765572737162,6.173199590524827,IMPROVE,OC_EC
TOOL1,562,4.780342269755248,2.71593797827454,9.45185792881102,IMPROVE,OC_EC
HILL1,266,4.810079381130549,3.522725781210561,6.621890897424986,IMPROVE,OC_EC
THRO1,2453,4.812135922330097,3.354430379746835,6.927628948420631,IMPROVE,OC_EC
HAVO1,1665,4.814424951267057,2.676190476190476,8.77659574468085,IMPROVE,OC_EC
WARI1,274,4.845721430433539,3.622042472202745,6.556576856020557,IMPROVE,OC_EC
BRMA1,1493,4.8530895334174025,3.8921700223713644,6.109309309309309,IMPROVE,OC_EC
SAGO1,2485,4.862510674637063,3.6557788944723613,6.450664070648773,IMPROVE,OC_EC
BOAP1,2341,4.884833738848337,3.3509913258983897,7.2560491152040445,IMPROVE,OC_EC
JOSH1,2501,4.910689812699863,3.6533945890760595,6.673001508295626,IMPROVE,OC_EC
GLAC1,2482,4.984211136486383,3.8200116587999933,6.8065358212739895,IMPROVE,OC_EC
TALL1,2559,4.989704873026767,3.9798170696312165,6.444960523069331,IMPROVE,OC_EC
SOGP1,590,4.9960200735668465,3.856590911052832,6.798440611077675,IMPROVE,OC_EC
SAGA1,1727,5.02928432690871,3.7776185715218054,6.766378071301537,IMPROVE,OC_EC
MORA1,2402,5.030635103387114,3.8476216711266296,6.917451504445249,IMPROVE,OC_EC
GRSM1,2537,5.051659396927746,4.03033676593376,6.485109436670254,IMPROVE,OC_EC
PACK1,2015,5.054365225957395,3.9716548798067604,6.865242667949943,IMPROVE,OC_EC
ELLI1,1451,5.056057866184448,3.801976164544236,6.824748080438467,IMPROVE,OC_EC
SIPS1,2372,5.061417029921813,4.036487985126272,6.595040745718903,IMPROVE,OC_EC
LYEB1,1420,5.063382347330065,3.780756305016957,7.282309118013624,IMPROVE,OC_EC
HALE1,967,5.080874316939891,3.5765190612827933,7.325418941818867,IMPROVE,OC_EC
PMRF1,2560,5.086790358042487,3.9783160711360286,6.912174979697809,IMPROVE,OC_EC
SACR1,2456,5.103618742205251,3.6395898959777115,7.124770445711993,IMPROVE,OC_EC
EVER1,2378,5.142167282266033,3.6825699238066902,8.04902128713382,IMPROVE,OC_EC
HEGL1,2569,5.179951690821255,4.191796216519947,6.7116392869626,IMPROVE,OC_EC
LIGO1,2505,5.206181129476584,4.170197985411601,6.4875076173065205,IMPROVE,OC_EC
BIBE1,2454,5.249056696633637,3.9589947020493463,7.245510087676154,IMPROVE,OC_EC
TONT1,2458,5.249974838420217,3.8298763106993787,7.213244622539282,IMPROVE,OC_EC
WIMO1,2326,5.287449542867,4.057332628152243,7.033473627851374,IMPROVE,OC_EC
WHRI1,2369,5.307964601769911,3.062025316455696,8.193877551020408,IMPROVE,OC_EC
ORPI1,2496,5.317453582569204,3.69721677113233,8.202275906095274,IMPROVE,OC_EC
SIAN1,1239,5.3278791692888605,3.9724903081737195,7.366820523856522,IMPROVE,OC_EC
LTCC1,1217,5.367889204673614,3.653574389136699,7.57804632426989,IMPROVE,OC_EC
WEMI1,2527,5.369276674554995,3.71974925519495,7.733885615472993,IMPROVE,OC_EC
FCPC1,939,5.421679313961379,4.0852352870890565,7.608709930300561,IMPROVE,OC_EC
GRGU1,2372,5.440234418794272,4.0856318497603885,7.875674139551018,IMPROVE,OC_EC
SENE1,2444,5.446226794300196,4.117243929495871,8.148780014552509,IMPROVE,OC_EC
ZICA1,2384,5.4563392043683585,3.9309744762601775,7.689240716180372,IMPROVE,OC_EC
THBA1,1606,5.4602564102564095,3.4822571840836756,8.549514120349519,IMPROVE,OC_EC
SIKE1,896,5.493007623007623,4.329687789349817,7.156690869286909,IMPROVE,OC_EC
STIL1,1692,5.495124754202966,4.4356819988994705,6.8462526725940815,IMPROVE,OC_EC
CHIR1,2461,5.5080264400377725,3.8834290576473087,7.77088948787062,IMPROVE,OC_EC
MELA1,2400,5.516917164293653,3.735824229097772,8.282608243821409,IMPROVE,OC_EC
MAVI1,2418,5.531801903276581,4.084681293403816,7.95699638443689,IMPROVE,OC_EC
UPBU1,2410,5.542476350656756,4.421709333701745,7.31425096099628,IMPROVE,OC_EC
CRES1,1489,5.564880112834978,3.9365482233502536,7.945597709377238,IMPROVE,OC_EC
INGA1,1057,5.570660522273425,4.175807663410969,7.4125000000000005,IMPROVE,OC_EC
COHU1,2272,5.586054677744483,4.463920215056719,7.197313234462454,IMPROVE,OC_EC
MEAD1,1919,5.591101405759519,3.889067237381844,8.1965190816935,IMPROVE,OC_EC
KPBO1,985,5.6070615034168565,3.759103641456582,9.24202300846538,IMPROVE,OC_EC
ISLE1,2380,5.653920749814402,4.118096019667891,8.443223493456626,IMPROVE,OC_EC
PINN1,2506,5.686655686631315,4.194861213550265,8.380914307228064,IMPROVE,OC_EC
DEVA1,1117,5.716312056737589,4.081712062256809,7.7541567695962,IMPROVE,OC_EC
GUMO1,2379,5.717391304347826,3.8569602081420262,8.155818953006808,IMPROVE,OC_EC
GRCA2,2370,5.753015424157758,3.9886240358692437,8.378208596311637,IMPROVE,OC_EC
IKBA1,2165,5.796928327645051,4.2267290223941005,8.03756906077348,IMPROVE,OC_EC
CEBL1,2566,5.7985614833989,4.258143689883215,8.011931851113623,IMPROVE,OC_EC
ROMA1,2518,5.830359149774168,4.4850583100447725,8.06178448957779,IMPROVE,OC_EC
BAND1,2496,5.833442936647668,4.200159007569319,8.165005177546705,IMPROVE,OC_EC
SHRO1,2205,5.872040072859745,4.563714902807775,7.797195253505933,IMPROVE,OC_EC
CACO1,2354,5.87486614432318,4.3016824225011305,8.432780013743006,IMPROVE,OC_EC
MAKA1,462,5.876149794818449,4.533082995887874,8.08220953067515,IMPROVE,OC_EC
OKEF1,2550,5.878913683088731,4.557223558523738,8.106694962415625,IMPROVE,OC_EC
ACAD1,2543,5.881964117091596,4.454691338216232,8.220422301925838,IMPROVE,OC_EC
CACR1,2473,5.892087961913399,4.664961636828644,7.902513368983957,IMPROVE,OC_EC
MAPA1,81,5.910926980838943,4.251143043762247,9.003273322422258,IMPROVE,OC_EC
NEBR1,2071,5.9115710253998115,4.290410816809899,7.998573633971864,IMPROVE,OC_EC
CANY1,2355,5.967741935483872,4.131857278195241,8.531032569238096,IMPROVE,OC_EC
BALD1,2386,5.9694282475305265,4.303413865546219,8.34386134674207,IMPROVE,OC_EC
CRLA1,2307,5.988503387394785,3.2764859464360607,9.337208371624726,IMPROVE,OC_EC
SAMA1,2364,5.993910477116057,4.553507878647422,8.637195417462742,IMPROVE,OC_EC
DINO1,705,6.126232409201989,4.373418803418803,8.568597267654415,IMPROVE,OC_EC
WICA1,2439,6.181509754028838,4.1957861126546145,8.775505127364674,IMPROVE,OC_EC
CAPI1,2378,6.187128169421007,4.131151140876355,8.988746255321386,IMPROVE,OC_EC
BRCA1,2343,6.248920209138441,4.608634557071903,8.333373082120996,IMPROVE,OC_EC
PETE1,425,6.270833333333334,3.5896103896103893,10.344067796610169,IMPROVE,OC_EC
OLYM1,2462,6.277521433250733,4.744462934152569,8.710537347560976,IMPROVE,OC_EC
WHIT1,2358,6.280840084075801,4.457371464926012,8.968602152088623,IMPROVE,OC_EC
MOHO1,2025,6.347328244274809,4.430555555555555,9.13653603034134,IMPROVE,OC_EC
ROMO1,2410,6.352902019732343,4.571009194680277,8.504971002485501,IMPROVE,OC_EC
MOOS1,2394,6.36566054874849,4.738526978735471,9.170966136557652,IMPROVE,OC_EC
BOWA1,2305,6.411764705882352,4.603761278399825,9.658,IMPROVE,OC_EC
SWAN1,2157,6.414536271491334,4.761010830324909,9.300581088219756,IMPROVE,OC_EC
FOPE1,2158,6.418834052750453,4.482727224871246,9.209501348329084,IMPROVE,OC_EC
WHPE1,2187,6.432314410480349,4.099572384569672,9.085463734330386,IMPROVE,OC_EC
MEVE1,2436,6.43712962032945,4.583671163960273,8.923242012541056,IMPROVE,OC_EC
GICL1,2304,6.440645992813623,4.7613798646450505,8.804612584518205,IMPROVE,OC_EC
SHMI1,2269,6.462534690101758,4.528137921368001,9.446839080459771,IMPROVE,OC_EC
VOYA2,2351,6.5289575289575295,4.658622720646079,9.36691887922594,IMPROVE,OC_EC
WHPA1,1865,6.545326278659612,3.878461538461538,9.316045380875202,IMPROVE,OC_EC
BRLA1,93,6.567465321563683,4.7468030690537075,9.225427350427351,IMPROVE,OC_EC
SAPE1,2158,6.670595864828172,4.424470748192954,9.631287700350434,IMPROVE,OC_EC
LAVO1,2270,6.746122314877106,4.984230703410223,9.1333928414323,IMPROVE,OC_EC
BADL1,2563,6.872586872586872,4.789102242438409,9.781670272214807,IMPROVE,OC_EC
NOCH1,2298,6.909524800297232,4.783053974496413,9.97116421748858,IMPROVE,OC_EC
SPOK1,246,6.922069376476544,5.096305698527673,9.11256995696671,IMPROVE,OC_EC
TUXE1,913,6.941358024691358,3.6696428571428568,13.65606936416185,IMPROVE,OC_EC
TRCR1,2246,6.95698680576864,4.244074776148398,11.287780845948504,IMPROVE,OC_EC
DOME1,2257,6.980636237897649,5.224691358024692,9.255578093306289,IMPROVE,OC_EC
DENA1,2074,7.012853403141362,4.554586467611919,10.929467434489531,IMPROVE,OC_EC
SEQU1,2503,7.018649193548388,5.427087006717743,9.17676637490322,IMPROVE,OC_EC
BLIS2,432,7.019042348471877,5.152680418906609,9.594655803904505,IMPROVE,OC_EC
GRBA1,2327,7.03956834532374,4.7149429487941275,10.171277701889945,IMPROVE,OC_EC
MAKA2,996,7.11246697803848,4.843997957612881,11.205638753297396,IMPROVE,OC_EC
MOZI1,2166,7.12821950763579,4.793318470619726,9.971593347639484,IMPROVE,OC_EC
THSI1,2163,7.175270108043217,5.026160802195471,9.92041986308621,IMPROVE,OC_EC
RAFA1,1977,7.182130584192439,5.366002656042496,10.190136437601701,IMPROVE,OC_EC
BLIS1,1830,7.186841416200008,5.343140004554553,9.427740072856992,IMPROVE,OC_EC
KAIS1,1969,7.230603448275863,4.474750803196309,9.776942355889725,IMPROVE,OC_EC
GRSA1,2453,7.25,5.15282181357007,10.239819004524886,IMPROVE,OC_EC
NOCA1,2034,7.2834464734328925,5.1502524677334485,10.19713967126006,IMPROVE,OC_EC
ULBE1,2095,7.321314952279958,5.075763468103637,10.372397147020905,IMPROVE,OC_EC
CRMO1,2305,7.331360946745561,4.881040892193308,10.534184083601287,IMPROVE,OC_EC
STAR1,2383,7.378246201323325,5.389450004097448,10.26188544572919,IMPROVE,OC_EC
BALA1,613,7.38235294117647,4.569750367107195,10.98165137614679,IMPROVE,OC_EC
YOSE1,2349,7.392592592592592,5.687696709585121,9.715261958997722,IMPROVE,OC_EC
CLPE1,1154,7.430709433121729,5.055270646825162,10.270707166833928,IMPROVE,OC_EC
BOLA1,1636,7.462626262626262,5.006143480324841,10.512667230008773,IMPROVE,OC_EC
BRID1,2247,7.5794392523364476,4.988541558398759,11.022657675549405,IMPROVE,OC_EC
HOOV1,2132,7.61224187029995,5.310149606933143,10.682887090541584,IMPROVE,OC_EC
HECA1,2285,7.631372549019608,5.640259740259741,10.317280215162212,IMPROVE,OC_EC
OWVL1,1284,7.697642012512828,4.763769547625473,11.176941670446002,IMPROVE,OC_EC
NOAB1,1865,7.70641341306132,4.87639405204461,11.37445594452196,IMPROVE,OC_EC
CABI1,2275,7.748165314793355,5.736558191259725,10.470074489602055,IMPROVE,OC_EC
YELL2,2253,7.777510316368637,5.248395253841665,10.942701581540057,IMPROVE,OC_EC
TRIN1,1995,7.813688212927756,5.849509633255471,10.767435288368736,IMPROVE,OC_EC
PASA1,2033,7.8447998282709035,5.41620547750816,11.01227095323146,IMPROVE,OC_EC
FLTO1,979,7.860943168077389,5.113392857142857,10.73908683863971,IMPROVE,OC_EC
SULA1,2023,7.922252010723861,5.476868686868687,11.094385197414594,IMPROVE,OC_EC
FLAT1,2270,7.955010919501107,5.945722002488905,10.91707321846733,IMPROVE,OC_EC
MONT1,2252,8.00720600245393,5.696982688418482,11.201845900216215,IMPROVE,OC_EC
LABE1,2233,8.023668639053254,5.937456687456688,10.995514258250559,IMPROVE,OC_EC
PORE1,1857,8.095490716180372,5.094037809015996,13.073593073593074,IMPROVE,OC_EC
JARB1,2203,8.122630092779348,5.162948472344517,11.836629560746129,IMPROVE,OC_EC
KALM1,2428,8.123574718001297,5.994911293210331,11.579110158315391,IMPROVE,OC_EC
GAMO1,1564,8.395652173913044,5.721015625000001,11.729802812213993,IMPROVE,OC_EC
RICR1,64,8.603132719514933,5.510703933747412,10.588726076555023,IMPROVE,OC_EC
GAAR1,593,8.856573705179283,5.542056074766355,15.0,IMPROVE,OC_EC
SAWT1,2175,8.984375000000002,6.3742963449718255,12.344135271647627,IMPROVE,OC_EC
REDW1,2081,10.002859866539561,6.765941707353159,15.12684365781711,IMPROVE,OC_EC
INDH,61,8.52778082427394,7.480228679277507,11.23239591046392,SPARTAN,Fabs_EC
USPA,130,9.407675506116686,7.194610497298909,11.853793768753775,SPARTAN,Fabs_EC
ETAD,190,10.157795913379982,8.144275810387638,12.687495706751927,SPARTAN,Fabs_EC
CHTS,160,10.304176740013636,7.995817213856302,12.26760916159525,SPARTAN,Fabs_EC
ETAD,700,1.5714285714285714,0.7173913043478262,3.8392857142857144,SPARTAN,OC_EC_thermal
INDH,106,2.0833333333333335,1.55572940332201,10.338042237442922,SPARTAN,OC_EC_thermal
CHTS,651,2.166666666666667,1.5120429682150847,5.013270882123342,SPARTAN,OC_EC_thermal
USPA,580,2.4727272727272727,1.5714285714285714,8.708333333333334,SPARTAN,OC_EC_thermal
ETAD,190,1.3434556224550604,1.2630614913809075,1.424638693481648,SPARTAN,OC_EC_ftir
INDH,61,2.131858762243004,1.8634554548722535,2.336511855424803,SPARTAN,OC_EC_ftir
CHTS,160,2.7156521774256914,2.168902122007686,3.2282483587684374,SPARTAN,OC_EC_ftir
USPA,130,3.7298318186127872,3.1438077799595843,4.675848409580098,SPARTAN,OC_EC_ftir
